"customerid","recencydays","totalorders","totalspent","customersegment"
12346,326,1,77183.60,"Lost / Inactive"
12347,3,7,4310.00,"Champions"
12348,76,4,1797.24,"Loyal Customers"
12349,19,1,1757.55,"New / Recent Customers"
12350,311,1,334.40,"Lost / Inactive"
12352,37,8,2506.04,"Loyal Customers"
12353,205,1,89.00,"Lost / Inactive"
12354,233,1,1079.40,"Lost / Inactive"
12355,215,1,459.40,"Lost / Inactive"
12356,23,3,2811.43,"Loyal Customers"
12357,34,1,6207.67,"Lost / Inactive"
12358,2,2,1168.06,"New / Recent Customers"
12359,58,4,6372.58,"Loyal Customers"
12360,53,3,2662.06,"Loyal Customers"
12361,288,1,189.90,"Lost / Inactive"
12362,4,10,5226.23,"Champions"
12363,110,2,552.00,"At Risk Customers"
12364,8,4,1313.10,"Loyal Customers"
12365,292,2,641.38,"Lost / Inactive"
12367,5,1,168.90,"New / Recent Customers"
12370,52,4,3545.69,"Loyal Customers"
12371,45,2,1887.96,"Lost / Inactive"
12372,72,3,1298.04,"Loyal Customers"
12373,312,1,364.60,"Lost / Inactive"
12374,26,1,742.93,"New / Recent Customers"
12375,11,2,457.50,"New / Recent Customers"
12377,316,2,1628.12,"Lost / Inactive"
12378,130,1,4008.62,"At Risk Customers"
12379,82,2,852.24,"Lost / Inactive"
12380,22,4,2724.81,"Loyal Customers"
12381,5,5,1845.31,"Champions"
12383,185,5,1850.56,"Lost / Inactive"
12384,29,2,585.27,"New / Recent Customers"
12386,338,2,401.90,"Lost / Inactive"
12388,16,6,2780.66,"Champions"
12390,80,1,549.84,"Lost / Inactive"
12391,22,1,460.89,"New / Recent Customers"
12393,73,4,1582.60,"Loyal Customers"
12394,64,2,1272.48,"Lost / Inactive"
12395,20,12,3018.63,"Champions"
12397,36,2,2409.90,"Lost / Inactive"
12398,46,1,1635.66,"Lost / Inactive"
12399,120,4,1108.65,"At Risk Customers"
12401,304,1,84.30,"Lost / Inactive"
12402,324,1,225.60,"Lost / Inactive"
12403,50,1,427.70,"Lost / Inactive"
12405,149,1,1710.39,"At Risk Customers"
12406,23,2,3415.30,"New / Recent Customers"
12407,50,5,1708.12,"Loyal Customers"
12408,33,5,2888.55,"Loyal Customers"
12409,79,3,11072.67,"Loyal Customers"
12410,309,2,693.33,"Lost / Inactive"
12412,75,3,1226.88,"Loyal Customers"
12413,67,3,758.10,"Loyal Customers"
12414,218,3,562.41,"Lost / Inactive"
12415,25,21,124914.53,"Champions"
12417,4,9,3649.10,"Champions"
12418,113,1,668.58,"At Risk Customers"
12420,64,1,600.39,"Lost / Inactive"
12421,16,4,807.04,"Loyal Customers"
12422,96,3,803.56,"At Risk Customers"
12423,1,8,1859.31,"Champions"
12424,163,2,1760.96,"At Risk Customers"
12425,79,1,777.20,"Lost / Inactive"
12426,195,1,582.73,"Lost / Inactive"
12427,22,3,825.80,"Loyal Customers"
12428,26,9,7956.46,"Champions"
12429,10,4,3750.40,"Loyal Customers"
12430,44,1,256.40,"Lost / Inactive"
12431,36,15,6487.45,"Loyal Customers"
12432,43,5,5059.32,"Loyal Customers"
12433,1,7,13375.87,"Champions"
12434,85,2,806.14,"Lost / Inactive"
12435,80,2,7829.89,"Lost / Inactive"
12436,100,1,509.01,"At Risk Customers"
12437,2,18,4951.41,"Champions"
12438,15,2,2906.85,"New / Recent Customers"
12441,367,1,173.55,"Lost / Inactive"
12442,4,1,172.06,"New / Recent Customers"
12444,22,5,5005.46,"Champions"
12445,23,1,133.40,"New / Recent Customers"
12446,58,1,1002.31,"Lost / Inactive"
12447,244,1,476.49,"Lost / Inactive"
12448,45,1,449.45,"Lost / Inactive"
12449,23,4,4067.29,"Loyal Customers"
12450,157,2,197.88,"At Risk Customers"
12451,11,5,9035.52,"Champions"
12452,17,2,430.57,"New / Recent Customers"
12453,135,1,707.09,"At Risk Customers"
12454,57,1,3528.34,"Lost / Inactive"
12455,74,6,2466.86,"Loyal Customers"
12456,45,3,3181.04,"Loyal Customers"
12457,67,7,2363.23,"Loyal Customers"
12458,72,2,947.40,"Lost / Inactive"
12461,95,2,826.88,"At Risk Customers"
12462,19,2,1189.59,"New / Recent Customers"
12463,54,4,1344.78,"Loyal Customers"
12464,11,8,1212.05,"Champions"
12465,18,2,742.19,"New / Recent Customers"
12468,188,2,729.54,"Lost / Inactive"
12471,3,30,19824.05,"Champions"
12472,33,7,6572.11,"Loyal Customers"
12473,30,5,3938.55,"Champions"
12474,18,18,7375.79,"Champions"
12475,54,1,723.38,"Lost / Inactive"
12476,16,11,6816.42,"Champions"
12477,23,6,13219.74,"Champions"
12478,4,1,680.99,"New / Recent Customers"
12479,12,1,527.20,"New / Recent Customers"
12480,29,4,3281.63,"Loyal Customers"
12481,23,10,5596.32,"Champions"
12483,18,8,2484.98,"Champions"
12484,33,6,4541.72,"Loyal Customers"
12488,10,3,1298.66,"Loyal Customers"
12489,337,1,334.93,"Lost / Inactive"
12490,6,10,5417.93,"Champions"
12491,39,1,460.40,"Lost / Inactive"
12492,64,2,263.21,"Lost / Inactive"
12493,166,2,433.74,"At Risk Customers"
12494,16,7,1246.10,"Champions"
12497,82,1,1043.10,"Lost / Inactive"
12498,22,3,403.70,"Loyal Customers"
12500,24,11,4257.82,"Champions"
12501,337,1,2169.39,"Lost / Inactive"
12502,96,5,3723.87,"At Risk Customers"
12504,19,2,482.05,"New / Recent Customers"
12506,233,1,73.50,"Lost / Inactive"
12507,135,3,1304.81,"At Risk Customers"
12508,27,2,398.27,"New / Recent Customers"
12509,285,1,176.50,"Lost / Inactive"
12510,143,2,982.57,"At Risk Customers"
12512,67,2,138.03,"Lost / Inactive"
12513,113,1,612.29,"At Risk Customers"
12514,268,1,1017.68,"Lost / Inactive"
12515,354,1,383.70,"Lost / Inactive"
12516,78,2,1312.06,"Lost / Inactive"
12517,29,5,2502.84,"Champions"
12518,1,5,2056.89,"Champions"
12519,64,1,340.84,"Lost / Inactive"
12520,80,5,2634.26,"Loyal Customers"
12521,143,1,599.68,"At Risk Customers"
12522,40,2,192.72,"Lost / Inactive"
12523,20,11,1789.77,"Champions"
12524,10,8,4485.72,"Champions"
12526,1,3,1316.66,"Loyal Customers"
12527,82,3,348.71,"Loyal Customers"
12528,10,6,1933.48,"Champions"
12530,60,4,1662.28,"Loyal Customers"
12531,15,1,125.22,"New / Recent Customers"
12532,31,1,349.83,"Lost / Inactive"
12534,131,1,1089.18,"At Risk Customers"
12535,92,2,716.35,"At Risk Customers"
12536,44,3,12601.83,"Loyal Customers"
12538,30,1,363.95,"New / Recent Customers"
12539,23,4,5568.35,"Loyal Customers"
12540,20,17,13400.24,"Champions"
12541,30,3,981.18,"Loyal Customers"
12544,37,1,372.70,"Lost / Inactive"
12545,76,2,1000.39,"Lost / Inactive"
12546,47,2,1161.50,"Lost / Inactive"
12547,198,2,207.80,"Lost / Inactive"
12548,167,1,95.20,"At Risk Customers"
12550,80,1,964.83,"Lost / Inactive"
12551,358,1,168.00,"Lost / Inactive"
12552,39,2,437.82,"Lost / Inactive"
12553,9,10,3692.28,"Champions"
12556,51,2,603.71,"Lost / Inactive"
12557,17,5,11990.96,"Champions"
12558,8,1,269.96,"New / Recent Customers"
12559,311,2,561.71,"Lost / Inactive"
12560,6,3,2134.01,"Loyal Customers"
12561,303,1,238.85,"Lost / Inactive"
12562,9,7,3781.74,"Champions"
12564,262,1,456.90,"Lost / Inactive"
12565,289,1,145.92,"Lost / Inactive"
12566,87,1,351.65,"Lost / Inactive"
12567,23,10,9401.28,"Champions"
12569,3,32,4124.69,"Champions"
12571,40,2,519.61,"Lost / Inactive"
12572,9,2,1020.42,"New / Recent Customers"
12573,228,1,160.54,"Lost / Inactive"
12574,316,1,218.45,"Lost / Inactive"
12576,36,5,1315.83,"Loyal Customers"
12577,36,3,657.80,"Loyal Customers"
12578,22,2,2794.51,"New / Recent Customers"
12579,79,1,440.42,"Lost / Inactive"
12580,247,1,415.70,"Lost / Inactive"
12581,40,1,197.71,"Lost / Inactive"
12582,239,2,511.36,"Lost / Inactive"
12583,3,15,7281.38,"Champions"
12584,4,9,2338.15,"Champions"
12585,235,2,2040.10,"Lost / Inactive"
12586,18,1,196.94,"New / Recent Customers"
12587,8,1,144.00,"New / Recent Customers"
12588,40,1,214.90,"Lost / Inactive"
12589,29,2,646.68,"New / Recent Customers"
12590,212,2,9864.26,"Lost / Inactive"
12591,318,1,452.85,"Lost / Inactive"
12592,93,2,437.60,"At Risk Customers"
12593,109,3,418.10,"At Risk Customers"
12594,38,10,3338.22,"Loyal Customers"
12596,52,2,618.27,"Lost / Inactive"
12597,20,4,3811.22,"Loyal Customers"
12598,10,8,3023.08,"Champions"
12599,30,7,1032.58,"Champions"
12600,29,10,2599.04,"Champions"
12601,190,5,577.06,"Lost / Inactive"
12602,59,1,153.12,"Lost / Inactive"
12603,22,1,739.20,"New / Recent Customers"
12604,80,2,254.18,"Lost / Inactive"
12607,61,1,1579.51,"Lost / Inactive"
12609,79,3,1126.85,"Loyal Customers"
12610,23,5,2099.54,"Champions"
12611,53,1,1193.32,"Lost / Inactive"
12612,75,1,704.04,"Lost / Inactive"
12613,58,5,3344.38,"Loyal Customers"
12614,278,1,315.60,"Lost / Inactive"
12615,3,4,2291.19,"Loyal Customers"
12616,96,2,713.30,"At Risk Customers"
12617,30,1,355.53,"New / Recent Customers"
12618,22,1,177.31,"New / Recent Customers"
12619,17,9,3641.24,"Champions"
12620,15,3,1339.41,"Loyal Customers"
12621,2,20,13689.67,"Champions"
12622,233,1,180.10,"Lost / Inactive"
12623,277,1,305.10,"Lost / Inactive"
12624,107,2,641.13,"At Risk Customers"
12625,212,2,2683.82,"Lost / Inactive"
12626,24,9,6620.48,"Champions"
12627,11,7,4478.53,"Champions"
12628,5,3,786.46,"Loyal Customers"
12630,10,2,1270.88,"New / Recent Customers"
12631,58,1,640.50,"Lost / Inactive"
12633,59,4,2163.98,"Loyal Customers"
12635,90,2,1689.18,"Lost / Inactive"
12637,68,8,6021.90,"Loyal Customers"
12638,34,1,671.69,"Lost / Inactive"
12639,239,1,486.10,"Lost / Inactive"
12640,24,3,1174.58,"Loyal Customers"
12641,116,1,185.90,"At Risk Customers"
12642,26,3,1013.26,"Loyal Customers"
12643,129,6,3344.64,"At Risk Customers"
12644,130,1,477.91,"At Risk Customers"
12645,34,4,1775.18,"Loyal Customers"
12646,5,2,1346.97,"New / Recent Customers"
12647,23,12,3722.82,"Champions"
12648,155,1,318.05,"At Risk Customers"
12649,108,3,623.51,"At Risk Customers"
12650,4,1,314.44,"New / Recent Customers"
12651,335,1,114.00,"Lost / Inactive"
12652,332,1,919.98,"Lost / Inactive"
12653,149,2,2209.85,"At Risk Customers"
12654,11,5,601.98,"Champions"
12656,18,5,4051.17,"Champions"
12657,12,4,1643.18,"Loyal Customers"
12658,19,1,686.05,"New / Recent Customers"
12659,30,1,91.68,"New / Recent Customers"
12660,12,1,245.10,"New / Recent Customers"
12662,1,11,3849.78,"Champions"
12664,9,9,4881.88,"Champions"
12665,325,1,63.00,"Lost / Inactive"
12667,59,1,620.13,"Lost / Inactive"
12668,12,4,3807.15,"Loyal Customers"
12669,151,3,2744.03,"At Risk Customers"
12670,11,5,2996.05,"Champions"
12672,330,1,225.90,"Lost / Inactive"
12673,6,2,610.52,"New / Recent Customers"
12674,39,4,1970.60,"Loyal Customers"
12676,25,6,1331.39,"Champions"
12678,43,12,17628.46,"Loyal Customers"
12679,59,4,1113.02,"Loyal Customers"
12680,1,4,862.81,"Loyal Customers"
12681,15,22,13787.54,"Champions"
12682,4,31,12288.22,"Champions"
12683,5,15,8476.57,"Champions"
12684,8,7,2283.63,"Champions"
12685,29,6,2863.08,"Champions"
12686,372,1,89.14,"Lost / Inactive"
12688,114,1,4873.81,"At Risk Customers"
12689,26,2,1247.61,"New / Recent Customers"
12690,206,1,389.01,"Lost / Inactive"
12691,29,6,1035.80,"Champions"
12693,128,4,855.91,"At Risk Customers"
12694,71,2,869.67,"Lost / Inactive"
12695,8,4,582.10,"Loyal Customers"
12697,29,3,957.59,"Loyal Customers"
12700,8,4,4939.99,"Loyal Customers"
12701,80,2,797.71,"Lost / Inactive"
12702,20,1,219.00,"New / Recent Customers"
12703,72,1,283.55,"Lost / Inactive"
12704,8,8,2340.84,"Champions"
12705,16,9,6868.29,"Champions"
12707,292,1,603.42,"Lost / Inactive"
12708,30,10,2712.91,"Champions"
12709,16,15,9736.52,"Champions"
12710,97,3,1149.02,"At Risk Customers"
12712,29,13,4396.13,"Champions"
12713,1,1,848.55,"New / Recent Customers"
12714,10,5,4708.86,"Champions"
12715,107,1,353.86,"At Risk Customers"
12716,4,2,1053.49,"New / Recent Customers"
12717,152,2,1030.98,"At Risk Customers"
12718,72,1,238.25,"Lost / Inactive"
12719,6,2,644.95,"New / Recent Customers"
12720,3,25,5781.73,"Champions"
12721,32,6,2656.13,"Loyal Customers"
12722,86,4,997.63,"Loyal Customers"
12723,4,5,725.07,"Champions"
12724,6,4,1031.41,"Loyal Customers"
12725,372,1,427.80,"Lost / Inactive"
12726,29,7,2609.10,"Champions"
12727,11,7,3980.70,"Champions"
12728,72,4,836.33,"Loyal Customers"
12729,114,1,453.01,"At Risk Customers"
12731,24,12,18895.91,"Champions"
12732,180,1,236.26,"At Risk Customers"
12733,235,1,383.95,"Lost / Inactive"
12734,353,1,110.40,"Lost / Inactive"
12735,316,2,779.57,"Lost / Inactive"
12736,333,1,234.00,"Lost / Inactive"
12738,373,1,155.35,"Lost / Inactive"
12739,79,2,1013.04,"Lost / Inactive"
12740,64,1,427.60,"Lost / Inactive"
12743,135,2,546.43,"At Risk Customers"
12744,52,7,21279.29,"Loyal Customers"
12747,3,11,4196.01,"Champions"
12748,1,209,33719.73,"Champions"
12749,4,5,4090.88,"Champions"
12750,129,1,275.88,"At Risk Customers"
12752,82,1,4366.78,"Lost / Inactive"
12753,23,6,21429.39,"Champions"
12754,236,3,3010.74,"Lost / Inactive"
12755,281,2,3811.95,"Lost / Inactive"
12756,87,1,112.08,"Lost / Inactive"
12757,16,13,7857.10,"Champions"
12758,117,2,2791.59,"At Risk Customers"
12759,53,3,1531.44,"Loyal Customers"
12762,8,2,1898.52,"New / Recent Customers"
12763,139,2,494.08,"At Risk Customers"
12764,317,1,1693.88,"Lost / Inactive"
12766,4,7,6989.63,"Champions"
12769,239,1,1143.60,"Lost / Inactive"
12770,211,1,1351.45,"Lost / Inactive"
12772,60,1,892.47,"Lost / Inactive"
12775,18,5,1386.04,"Champions"
12778,20,6,822.23,"Champions"
12779,38,8,3981.36,"Loyal Customers"
12781,64,2,826.74,"Lost / Inactive"
12782,5,5,2330.92,"Champions"
12783,3,6,2225.91,"Champions"
12784,10,2,574.42,"New / Recent Customers"
12785,365,1,311.95,"Lost / Inactive"
12787,10,3,463.66,"Loyal Customers"
12789,66,1,91.85,"Lost / Inactive"
12790,193,1,324.92,"Lost / Inactive"
12791,374,1,192.60,"Lost / Inactive"
12792,257,1,400.54,"Lost / Inactive"
12793,335,2,545.48,"Lost / Inactive"
12794,54,2,860.41,"Lost / Inactive"
12795,19,1,430.48,"New / Recent Customers"
12797,366,1,254.03,"Lost / Inactive"
12798,11,3,6977.04,"Loyal Customers"
12802,187,1,427.58,"Lost / Inactive"
12808,37,3,483.65,"Loyal Customers"
12809,178,1,489.31,"At Risk Customers"
12811,261,3,514.85,"Lost / Inactive"
12812,45,1,229.64,"Lost / Inactive"
12814,102,1,125.92,"At Risk Customers"
12815,148,2,1063.46,"At Risk Customers"
12816,96,2,572.20,"At Risk Customers"
12817,282,1,166.04,"Lost / Inactive"
12818,262,1,1542.08,"Lost / Inactive"
12820,4,4,942.34,"Loyal Customers"
12821,215,1,92.72,"Lost / Inactive"
12822,71,2,948.88,"Lost / Inactive"
12823,75,5,1759.50,"Loyal Customers"
12824,60,1,397.12,"Lost / Inactive"
12826,3,7,1474.72,"Champions"
12827,6,3,430.15,"Loyal Customers"
12828,3,6,1018.71,"Champions"
12829,337,2,293.00,"Lost / Inactive"
12830,38,6,6814.64,"Loyal Customers"
12831,263,1,215.05,"Lost / Inactive"
12832,33,2,383.03,"Lost / Inactive"
12833,146,1,417.38,"At Risk Customers"
12834,283,1,312.38,"Lost / Inactive"
12836,60,4,2612.86,"Loyal Customers"
12837,174,1,134.10,"At Risk Customers"
12838,34,2,683.13,"Lost / Inactive"
12839,3,14,5591.42,"Champions"
12840,144,4,2726.77,"At Risk Customers"
12841,5,25,4022.35,"Champions"
12842,71,2,1118.99,"Lost / Inactive"
12843,66,8,1702.26,"Loyal Customers"
12844,30,2,325.96,"New / Recent Customers"
12845,268,4,354.09,"Lost / Inactive"
12847,23,1,871.54,"New / Recent Customers"
12849,32,2,1050.89,"Lost / Inactive"
12851,97,1,135.18,"At Risk Customers"
12852,295,1,311.55,"Lost / Inactive"
12853,135,6,1957.10,"At Risk Customers"
12854,79,3,1324.50,"Loyal Customers"
12855,373,1,38.10,"Lost / Inactive"
12856,8,6,2179.93,"Champions"
12857,211,2,1106.40,"Lost / Inactive"
12863,53,1,521.20,"Lost / Inactive"
12864,139,1,147.12,"At Risk Customers"
12865,27,2,1568.23,"New / Recent Customers"
12866,284,1,559.12,"Lost / Inactive"
12867,27,7,4036.82,"Champions"
12868,186,6,1607.06,"Lost / Inactive"
12871,85,2,380.64,"Lost / Inactive"
12872,327,2,599.97,"Lost / Inactive"
12873,283,1,374.00,"Lost / Inactive"
12875,144,2,343.23,"At Risk Customers"
12876,58,2,2218.02,"Lost / Inactive"
12877,4,12,1535.77,"Champions"
12878,237,2,854.99,"Lost / Inactive"
12879,45,3,573.22,"Loyal Customers"
12881,276,1,298.00,"Lost / Inactive"
12882,10,2,1463.04,"New / Recent Customers"
12883,25,4,703.47,"Loyal Customers"
12884,89,1,309.05,"Lost / Inactive"
12885,64,3,1175.22,"Loyal Customers"
12886,68,2,1378.40,"Lost / Inactive"
12888,215,2,354.12,"Lost / Inactive"
12890,25,1,380.47,"New / Recent Customers"
12891,186,3,331.00,"Lost / Inactive"
12893,31,1,188.14,"Lost / Inactive"
12895,43,2,372.80,"Lost / Inactive"
12897,205,2,216.50,"Lost / Inactive"
12901,9,28,17654.54,"Champions"
12902,265,1,138.68,"Lost / Inactive"
12904,19,2,509.58,"New / Recent Customers"
12906,12,5,2919.81,"Champions"
12908,177,2,750.00,"At Risk Customers"
12909,40,5,2178.67,"Loyal Customers"
12910,24,8,3075.04,"Champions"
12912,3,5,1662.30,"Champions"
12913,5,5,2483.63,"Champions"
12915,149,2,363.65,"At Risk Customers"
12916,139,4,3006.15,"At Risk Customers"
12917,129,1,594.00,"At Risk Customers"
12919,9,6,1335.19,"Champions"
12920,18,1,164.23,"New / Recent Customers"
12921,10,37,16587.09,"Champions"
12922,162,1,405.38,"At Risk Customers"
12923,65,1,176.97,"Lost / Inactive"
12924,89,4,933.70,"Loyal Customers"
12925,5,2,694.05,"New / Recent Customers"
12928,36,5,2062.70,"Loyal Customers"
12929,312,1,117.85,"Lost / Inactive"
12930,79,2,415.80,"Lost / Inactive"
12931,22,15,42055.96,"Champions"
12933,25,3,607.53,"Loyal Customers"
12935,3,7,2160.70,"Champions"
12936,18,4,1063.90,"Loyal Customers"
12937,16,4,1504.27,"Loyal Customers"
12938,26,1,114.14,"New / Recent Customers"
12939,65,8,11581.80,"Loyal Customers"
12940,55,2,913.54,"Lost / Inactive"
12942,132,3,683.90,"At Risk Customers"
12944,36,2,604.51,"Lost / Inactive"
12945,289,1,462.95,"Lost / Inactive"
12947,144,6,1603.99,"At Risk Customers"
12948,17,7,2064.95,"Champions"
12949,31,8,4167.22,"Loyal Customers"
12950,3,3,1843.00,"Loyal Customers"
12951,9,6,1064.07,"Champions"
12952,6,4,1387.79,"Loyal Customers"
12953,10,1,329.85,"New / Recent Customers"
12955,2,11,4757.16,"Champions"
12956,307,1,108.07,"Lost / Inactive"
12957,10,8,4017.54,"Champions"
12962,8,2,266.39,"New / Recent Customers"
12963,9,8,1856.63,"Champions"
12965,90,1,771.91,"Lost / Inactive"
12966,10,1,160.18,"New / Recent Customers"
12967,359,2,1660.90,"Lost / Inactive"
12968,113,1,135.95,"At Risk Customers"
12970,8,4,452.24,"Loyal Customers"
12971,4,86,11189.91,"Champions"
12974,198,1,144.80,"Lost / Inactive"
12976,212,1,738.60,"Lost / Inactive"
12977,157,1,39.24,"At Risk Customers"
12980,158,9,7374.90,"At Risk Customers"
12981,30,2,372.22,"New / Recent Customers"
12982,243,1,390.54,"Lost / Inactive"
12984,19,1,97.50,"New / Recent Customers"
12985,1,2,1239.38,"New / Recent Customers"
12987,74,2,558.70,"Lost / Inactive"
12988,293,1,535.32,"Lost / Inactive"
12989,4,15,6924.11,"Champions"
12990,32,3,409.50,"Loyal Customers"
12991,24,2,503.76,"New / Recent Customers"
12993,24,4,414.76,"Loyal Customers"
12994,5,3,974.42,"Loyal Customers"
12995,86,1,211.32,"Lost / Inactive"
12997,23,4,1226.89,"Loyal Customers"
12999,197,3,455.88,"Lost / Inactive"
13000,107,3,534.85,"At Risk Customers"
13001,5,13,9818.82,"Champions"
13002,319,1,120.95,"Lost / Inactive"
13003,106,3,149.05,"At Risk Customers"
13004,12,18,5655.91,"Champions"
13005,174,2,513.70,"At Risk Customers"
13006,57,1,81.57,"Lost / Inactive"
13008,324,1,229.47,"Lost / Inactive"
13011,373,1,50.55,"Lost / Inactive"
13012,10,8,1661.84,"Champions"
13013,2,13,4810.94,"Champions"
13014,11,10,3466.28,"Champions"
13015,54,5,3346.28,"Loyal Customers"
13016,74,3,789.89,"Loyal Customers"
13017,8,1,204.00,"New / Recent Customers"
13018,17,28,7277.70,"Champions"
13021,5,9,2616.38,"Champions"
13023,65,2,689.90,"Lost / Inactive"
13026,2,5,975.36,"Champions"
13027,114,6,6912.00,"At Risk Customers"
13028,23,2,661.32,"New / Recent Customers"
13029,31,3,1247.50,"Loyal Customers"
13030,12,2,799.48,"New / Recent Customers"
13032,53,2,1010.18,"Lost / Inactive"
13033,358,1,190.55,"Lost / Inactive"
13034,55,2,642.77,"Lost / Inactive"
13035,74,2,921.88,"Lost / Inactive"
13037,139,3,881.07,"At Risk Customers"
13038,81,3,908.46,"Loyal Customers"
13040,9,2,676.99,"New / Recent Customers"
13043,274,1,516.42,"Lost / Inactive"
13044,292,1,560.47,"Lost / Inactive"
13045,100,1,305.28,"At Risk Customers"
13046,31,2,629.31,"Lost / Inactive"
13047,32,10,3237.54,"Loyal Customers"
13048,15,4,1835.91,"Loyal Customers"
13049,65,2,656.68,"Lost / Inactive"
13050,15,17,5836.86,"Champions"
13052,213,1,348.15,"Lost / Inactive"
13055,79,3,1214.41,"Loyal Customers"
13058,25,3,271.40,"Loyal Customers"
13059,250,1,183.40,"Lost / Inactive"
13060,254,1,307.53,"Lost / Inactive"
13061,73,1,248.61,"Lost / Inactive"
13062,192,1,346.98,"Lost / Inactive"
13064,13,4,1119.49,"Loyal Customers"
13065,374,1,205.86,"Lost / Inactive"
13066,25,2,470.80,"New / Recent Customers"
13067,83,1,115.46,"Lost / Inactive"
13068,11,2,344.00,"New / Recent Customers"
13069,1,24,4436.12,"Champions"
13070,193,1,228.80,"Lost / Inactive"
13072,267,1,177.15,"Lost / Inactive"
13075,130,1,919.61,"At Risk Customers"
13077,2,4,729.27,"Loyal Customers"
13078,4,26,12627.94,"Champions"
13079,5,5,220.10,"Champions"
13080,180,1,58.08,"At Risk Customers"
13081,12,11,28337.38,"Champions"
13082,127,9,3613.63,"At Risk Customers"
13083,5,2,303.75,"New / Recent Customers"
13085,158,2,416.08,"At Risk Customers"
13089,3,97,58825.83,"Champions"
13090,9,14,8910.82,"Champions"
13091,29,1,345.82,"New / Recent Customers"
13092,71,5,477.83,"Loyal Customers"
13093,276,8,7832.47,"Lost / Inactive"
13094,22,12,1927.32,"Champions"
13095,71,1,74.40,"Lost / Inactive"
13097,33,10,6010.42,"Loyal Customers"
13098,2,28,28882.44,"Champions"
13099,100,1,207.36,"At Risk Customers"
13101,235,1,101.19,"Lost / Inactive"
13102,2,24,6424.09,"Champions"
13103,40,1,243.94,"Lost / Inactive"
13104,4,6,1098.48,"Champions"
13106,134,1,76.50,"At Risk Customers"
13107,45,4,1531.62,"Loyal Customers"
13108,373,1,350.06,"Lost / Inactive"
13109,60,2,786.54,"Lost / Inactive"
13110,32,7,1488.67,"Loyal Customers"
13113,1,24,12245.96,"Champions"
13115,12,4,2294.78,"Loyal Customers"
13116,139,1,501.14,"At Risk Customers"
13117,22,8,984.91,"Champions"
13118,20,5,1197.81,"Champions"
13120,239,1,30.60,"Lost / Inactive"
13121,270,1,283.73,"Lost / Inactive"
13122,95,2,922.39,"At Risk Customers"
13124,90,3,3866.33,"Loyal Customers"
13126,5,8,2099.64,"Champions"
13127,78,1,259.17,"Lost / Inactive"
13130,95,1,64.00,"At Risk Customers"
13131,24,3,1073.30,"Loyal Customers"
13132,262,1,77.30,"Lost / Inactive"
13133,274,2,109.80,"Lost / Inactive"
13134,86,4,1793.58,"Loyal Customers"
13135,197,1,3096.00,"Lost / Inactive"
13136,57,5,2607.61,"Loyal Customers"
13137,11,8,3650.41,"Champions"
13138,23,6,962.39,"Champions"
13139,17,7,5064.94,"Champions"
13140,109,3,423.72,"At Risk Customers"
13141,85,5,2388.75,"Loyal Customers"
13142,20,1,307.09,"New / Recent Customers"
13144,333,1,110.95,"Lost / Inactive"
13145,40,4,618.52,"Loyal Customers"
13146,27,1,228.91,"New / Recent Customers"
13147,11,4,712.80,"Loyal Customers"
13148,30,12,3707.12,"Champions"
13149,15,4,1676.06,"Loyal Customers"
13151,296,1,1257.87,"Lost / Inactive"
13153,6,1,486.22,"New / Recent Customers"
13155,34,4,971.76,"Loyal Customers"
13157,50,4,1741.22,"Loyal Customers"
13158,95,4,1201.06,"At Risk Customers"
13159,9,4,1437.85,"Loyal Customers"
13160,23,1,91.80,"New / Recent Customers"
13161,314,1,112.75,"Lost / Inactive"
13162,123,4,1688.29,"At Risk Customers"
13165,47,2,1021.48,"Lost / Inactive"
13166,284,1,417.20,"Lost / Inactive"
13167,19,4,791.33,"Loyal Customers"
13168,37,4,1319.19,"Loyal Customers"
13169,64,2,712.88,"Lost / Inactive"
13170,27,1,116.01,"New / Recent Customers"
13171,22,3,468.41,"Loyal Customers"
13173,5,2,353.65,"New / Recent Customers"
13174,17,3,2817.03,"Loyal Customers"
13176,47,1,492.84,"Lost / Inactive"
13177,65,1,282.45,"Lost / Inactive"
13178,27,11,5725.47,"Champions"
13182,46,1,121.18,"Lost / Inactive"
13183,8,9,3957.78,"Champions"
13184,15,10,1701.29,"Champions"
13185,268,1,71.40,"Lost / Inactive"
13186,40,3,1575.89,"Loyal Customers"
13187,338,1,236.02,"Lost / Inactive"
13188,12,1,114.60,"New / Recent Customers"
13189,19,2,260.68,"New / Recent Customers"
13192,96,2,911.94,"At Risk Customers"
13193,62,1,117.88,"Lost / Inactive"
13194,136,1,60.70,"At Risk Customers"
13196,12,4,1797.78,"Loyal Customers"
13198,11,6,3401.24,"Champions"
13199,4,38,9817.12,"Champions"
13200,20,4,870.09,"Loyal Customers"
13203,10,4,869.46,"Loyal Customers"
13207,16,2,250.26,"New / Recent Customers"
13208,59,6,1223.90,"Loyal Customers"
13209,31,8,5891.61,"Loyal Customers"
13210,94,1,353.48,"At Risk Customers"
13211,11,3,1197.42,"Loyal Customers"
13212,20,3,788.08,"Loyal Customers"
13213,57,5,1520.58,"Loyal Customers"
13216,268,1,333.74,"Lost / Inactive"
13217,123,3,533.98,"At Risk Customers"
13218,128,1,62.64,"At Risk Customers"
13220,79,4,819.29,"Loyal Customers"
13221,241,2,847.41,"Lost / Inactive"
13223,201,2,163.20,"Lost / Inactive"
13224,61,2,2155.95,"Lost / Inactive"
13225,4,7,6463.84,"Champions"
13226,274,1,108.21,"Lost / Inactive"
13227,202,1,257.70,"Lost / Inactive"
13228,82,1,358.00,"Lost / Inactive"
13229,226,1,160.95,"Lost / Inactive"
13230,5,14,2806.97,"Champions"
13232,13,7,1357.60,"Champions"
13233,75,2,605.12,"Lost / Inactive"
13235,213,1,1031.07,"Lost / Inactive"
13236,25,2,744.85,"New / Recent Customers"
13238,18,4,700.73,"Loyal Customers"
13239,262,1,329.56,"Lost / Inactive"
13240,97,4,663.65,"At Risk Customers"
13242,113,3,270.40,"At Risk Customers"
13243,204,1,600.07,"Lost / Inactive"
13244,93,1,121.74,"At Risk Customers"
13245,51,1,430.50,"Lost / Inactive"
13246,19,6,1987.30,"Champions"
13247,18,4,501.12,"Loyal Customers"
13248,125,2,465.68,"At Risk Customers"
13249,93,3,711.41,"At Risk Customers"
13253,157,2,1030.40,"At Risk Customers"
13255,10,2,399.51,"New / Recent Customers"
13258,12,3,698.58,"Loyal Customers"
13259,62,1,292.32,"Lost / Inactive"
13260,62,1,557.62,"Lost / Inactive"
13261,269,2,944.10,"Lost / Inactive"
13262,264,1,200.29,"Lost / Inactive"
13263,2,35,7454.07,"Champions"
13265,54,5,2107.66,"Loyal Customers"
13266,12,12,3834.26,"Champions"
13267,3,19,4521.49,"Champions"
13268,18,11,3214.69,"Champions"
13269,2,15,5346.23,"Champions"
13270,367,1,590.00,"Lost / Inactive"
13271,38,1,217.38,"Lost / Inactive"
13272,32,2,276.56,"Lost / Inactive"
13273,114,1,138.98,"At Risk Customers"
13276,64,2,590.93,"Lost / Inactive"
13277,16,4,258.40,"Loyal Customers"
13278,41,1,542.73,"Lost / Inactive"
13279,79,1,137.75,"Lost / Inactive"
13280,123,3,814.86,"At Risk Customers"
13282,19,3,1132.14,"Loyal Customers"
13283,60,2,93.66,"Lost / Inactive"
13284,331,1,201.19,"Lost / Inactive"
13285,24,4,2709.12,"Loyal Customers"
13291,156,1,361.11,"At Risk Customers"
13292,39,2,578.94,"Lost / Inactive"
13294,190,2,873.74,"Lost / Inactive"
13295,360,1,201.20,"Lost / Inactive"
13296,138,1,87.40,"At Risk Customers"
13297,8,4,2089.85,"Loyal Customers"
13298,2,1,360.00,"New / Recent Customers"
13299,269,1,142.50,"Lost / Inactive"
13300,170,1,371.89,"At Risk Customers"
13301,104,4,618.09,"At Risk Customers"
13302,156,1,63.75,"At Risk Customers"
13304,352,1,300.42,"Lost / Inactive"
13305,5,10,2000.86,"Champions"
13307,121,1,15.00,"At Risk Customers"
13308,23,3,1385.51,"Loyal Customers"
13309,8,5,1456.79,"Champions"
13310,29,3,1132.03,"Loyal Customers"
13311,5,2,598.57,"New / Recent Customers"
13313,23,5,1555.32,"Champions"
13314,2,3,775.94,"Loyal Customers"
13316,38,4,5977.73,"Loyal Customers"
13317,67,6,2273.68,"Loyal Customers"
13318,2,3,640.76,"Loyal Customers"
13319,6,26,10845.55,"Champions"
13320,79,4,1548.70,"Loyal Customers"
13321,73,2,567.36,"Lost / Inactive"
13322,18,1,199.48,"New / Recent Customers"
13323,4,5,787.85,"Champions"
13324,37,10,7121.95,"Loyal Customers"
13325,82,1,675.30,"Lost / Inactive"
13327,39,8,3627.77,"Loyal Customers"
13328,317,1,1308.48,"Lost / Inactive"
13329,32,2,789.00,"Lost / Inactive"
13330,93,3,1140.93,"At Risk Customers"
13332,15,1,350.90,"New / Recent Customers"
13334,83,3,3536.82,"Loyal Customers"
13336,78,1,795.12,"Lost / Inactive"
13338,158,1,487.02,"At Risk Customers"
13339,201,1,860.12,"Lost / Inactive"
13340,46,7,10736.48,"Loyal Customers"
13341,261,1,775.85,"Lost / Inactive"
13343,178,1,353.43,"At Risk Customers"
13344,68,3,2543.72,"Loyal Customers"
13345,288,1,389.50,"Lost / Inactive"
13347,71,1,341.36,"Lost / Inactive"
13348,65,1,233.76,"Lost / Inactive"
13349,11,1,247.32,"New / Recent Customers"
13350,17,2,979.12,"New / Recent Customers"
13351,67,1,373.94,"Lost / Inactive"
13352,61,1,397.98,"Lost / Inactive"
13354,72,1,743.53,"Lost / Inactive"
13355,123,1,674.70,"At Risk Customers"
13356,81,1,768.24,"Lost / Inactive"
13357,258,1,609.95,"Lost / Inactive"
13358,269,1,439.03,"Lost / Inactive"
13359,64,1,439.56,"Lost / Inactive"
13362,10,4,3090.74,"Loyal Customers"
13363,18,2,992.50,"New / Recent Customers"
13364,72,1,134.96,"Lost / Inactive"
13365,34,2,2225.37,"Lost / Inactive"
13366,51,1,56.16,"Lost / Inactive"
13368,257,2,623.40,"Lost / Inactive"
13369,366,1,308.28,"Lost / Inactive"
13370,372,1,754.87,"Lost / Inactive"
13372,90,1,378.64,"Lost / Inactive"
13373,61,3,3312.25,"Loyal Customers"
13375,89,1,778.65,"Lost / Inactive"
13376,100,3,1019.76,"At Risk Customers"
13379,27,3,572.56,"Loyal Customers"
13381,32,6,3639.31,"Loyal Customers"
13382,281,1,222.99,"Lost / Inactive"
13384,31,7,4151.93,"Loyal Customers"
13385,330,1,534.57,"Lost / Inactive"
13388,132,2,677.10,"At Risk Customers"
13389,12,3,797.96,"Loyal Customers"
13390,75,1,544.08,"Lost / Inactive"
13391,204,1,59.80,"Lost / Inactive"
13394,2,8,2520.02,"Champions"
13395,186,1,307.72,"Lost / Inactive"
13396,30,2,1360.99,"New / Recent Customers"
13397,73,5,1544.13,"Loyal Customers"
13398,193,1,457.34,"Lost / Inactive"
13402,128,2,621.23,"At Risk Customers"
13403,18,1,75.00,"New / Recent Customers"
13404,2,2,252.49,"New / Recent Customers"
13405,75,3,572.45,"Loyal Customers"
13408,2,62,28117.04,"Champions"
13410,25,5,1003.06,"Champions"
13411,108,1,213.55,"At Risk Customers"
13414,134,3,1390.50,"At Risk Customers"
13416,44,2,712.50,"Lost / Inactive"
13417,5,2,640.83,"New / Recent Customers"
13418,12,18,6127.43,"Champions"
13419,64,1,221.06,"Lost / Inactive"
13420,150,2,159.85,"At Risk Customers"
13421,41,2,1851.08,"Lost / Inactive"
13422,65,1,2626.30,"Lost / Inactive"
13425,109,3,1624.21,"At Risk Customers"
13426,1,10,3641.32,"Champions"
13427,20,3,582.60,"Loyal Customers"
13428,11,1,218.47,"New / Recent Customers"
13429,11,4,1006.80,"Loyal Customers"
13430,19,2,679.45,"New / Recent Customers"
13431,68,2,1269.10,"Lost / Inactive"
13434,75,2,534.24,"Lost / Inactive"
13435,6,7,3809.89,"Champions"
13436,2,1,196.89,"New / Recent Customers"
13437,15,7,3408.06,"Champions"
13439,256,1,283.71,"Lost / Inactive"
13441,92,1,296.64,"At Risk Customers"
13447,24,3,1129.14,"Loyal Customers"
13448,17,6,3539.37,"Champions"
13449,24,1,291.88,"New / Recent Customers"
13450,27,6,2043.72,"Champions"
13451,27,5,2976.15,"Champions"
13452,260,2,590.00,"Lost / Inactive"
13453,166,2,356.98,"At Risk Customers"
13455,25,2,1058.34,"New / Recent Customers"
13456,18,6,1766.72,"Champions"
13458,8,14,9646.57,"Champions"
13460,30,2,183.44,"New / Recent Customers"
13461,39,3,1445.00,"Loyal Customers"
13462,253,1,151.50,"Lost / Inactive"
13464,59,1,674.68,"Lost / Inactive"
13466,185,1,307.90,"Lost / Inactive"
13467,11,2,1083.71,"New / Recent Customers"
13468,2,37,5704.97,"Champions"
13470,100,2,165.00,"At Risk Customers"
13471,2,4,2531.58,"Loyal Customers"
13473,61,2,422.64,"Lost / Inactive"
13474,237,1,229.59,"Lost / Inactive"
13475,192,4,1431.78,"Lost / Inactive"
13476,179,2,1238.47,"At Risk Customers"
13477,38,6,1454.58,"Loyal Customers"
13479,201,2,300.95,"Lost / Inactive"
13481,46,5,1804.56,"Loyal Customers"
13482,233,1,184.64,"Lost / Inactive"
13483,66,1,140.34,"Lost / Inactive"
13484,242,1,313.80,"Lost / Inactive"
13485,234,1,454.24,"Lost / Inactive"
13486,79,3,1122.41,"Loyal Customers"
13487,58,3,575.40,"Loyal Customers"
13488,18,13,8968.31,"Champions"
13489,106,4,449.52,"At Risk Customers"
13491,52,10,1215.82,"Loyal Customers"
13492,137,3,1269.84,"At Risk Customers"
13493,276,2,618.63,"Lost / Inactive"
13494,312,1,316.26,"Lost / Inactive"
13495,8,5,2044.87,"Champions"
13496,11,2,653.33,"New / Recent Customers"
13497,283,2,348.05,"Lost / Inactive"
13499,18,5,1159.11,"Champions"
13500,24,3,1166.77,"Loyal Customers"
13501,289,1,1340.32,"Lost / Inactive"
13502,17,3,292.00,"Loyal Customers"
13503,72,1,216.85,"Lost / Inactive"
13504,65,1,295.93,"Lost / Inactive"
13505,73,4,4393.63,"Loyal Customers"
13506,317,2,458.52,"Lost / Inactive"
13507,4,4,2479.16,"Loyal Customers"
13508,244,1,110.97,"Lost / Inactive"
13509,9,7,979.72,"Champions"
13510,2,4,1791.56,"Loyal Customers"
13512,261,1,251.21,"Lost / Inactive"
13513,127,1,205.10,"At Risk Customers"
13514,74,1,152.20,"Lost / Inactive"
13515,73,4,891.12,"Loyal Customers"
13516,22,3,1389.41,"Loyal Customers"
13517,60,3,2128.42,"Loyal Customers"
13518,86,1,659.44,"Lost / Inactive"
13519,79,1,122.75,"Lost / Inactive"
13520,59,6,3624.35,"Loyal Customers"
13521,2,3,1093.65,"Loyal Customers"
13522,31,1,125.80,"Lost / Inactive"
13523,34,5,3964.88,"Loyal Customers"
13524,41,5,680.18,"Loyal Customers"
13525,15,2,628.78,"New / Recent Customers"
13527,34,7,2287.51,"Loyal Customers"
13529,79,2,307.76,"Lost / Inactive"
13531,206,2,483.80,"Lost / Inactive"
13532,34,1,210.31,"Lost / Inactive"
13533,183,3,270.79,"Lost / Inactive"
13534,3,25,5870.08,"Champions"
13536,2,7,3448.29,"Champions"
13538,44,7,1280.85,"Loyal Customers"
13539,86,3,631.34,"Loyal Customers"
13544,40,2,291.41,"Lost / Inactive"
13546,13,3,626.99,"Loyal Customers"
13548,97,2,682.41,"At Risk Customers"
13549,26,7,918.20,"Champions"
13551,320,1,91.80,"Lost / Inactive"
13552,67,12,3740.07,"Loyal Customers"
13555,74,4,4149.28,"Loyal Customers"
13557,29,2,584.06,"New / Recent Customers"
13558,6,4,605.06,"Loyal Customers"
13560,8,1,174.37,"New / Recent Customers"
13561,216,1,141.86,"Lost / Inactive"
13562,82,3,1799.33,"Loyal Customers"
13563,85,2,777.53,"Lost / Inactive"
13564,145,3,1749.02,"At Risk Customers"
13565,20,2,240.22,"New / Recent Customers"
13566,41,2,874.71,"Lost / Inactive"
13568,174,1,192.85,"At Risk Customers"
13569,18,2,373.75,"New / Recent Customers"
13570,244,1,239.49,"Lost / Inactive"
13571,13,12,2092.32,"Champions"
13572,206,1,1384.25,"Lost / Inactive"
13573,51,2,294.40,"Lost / Inactive"
13575,24,5,732.07,"Champions"
13576,11,18,6717.34,"Champions"
13577,26,4,1687.60,"Loyal Customers"
13579,15,2,467.04,"New / Recent Customers"
13581,310,1,118.00,"Lost / Inactive"
13583,156,1,781.03,"At Risk Customers"
13584,307,1,142.40,"Lost / Inactive"
13587,64,1,712.40,"Lost / Inactive"
13588,16,9,2478.95,"Champions"
13589,15,2,379.65,"New / Recent Customers"
13590,12,6,1981.92,"Champions"
13591,65,3,1117.13,"Loyal Customers"
13592,36,4,247.96,"Loyal Customers"
13593,109,5,2037.08,"At Risk Customers"
13594,53,1,396.97,"Lost / Inactive"
13596,6,2,697.04,"New / Recent Customers"
13598,48,1,180.17,"Lost / Inactive"
13599,2,21,5153.67,"Champions"
13600,313,1,219.52,"Lost / Inactive"
13601,46,2,693.32,"Lost / Inactive"
13602,65,1,428.89,"Lost / Inactive"
13603,27,1,164.34,"New / Recent Customers"
13606,30,3,280.54,"Loyal Customers"
13607,41,1,678.01,"Lost / Inactive"
13610,13,7,1131.88,"Champions"
13611,90,3,1171.80,"Loyal Customers"
13614,25,4,1610.46,"Loyal Customers"
13615,319,1,417.69,"Lost / Inactive"
13617,41,3,544.18,"Loyal Customers"
13618,174,1,177.34,"At Risk Customers"
13621,117,1,213.85,"At Risk Customers"
13623,31,5,747.78,"Loyal Customers"
13626,253,1,257.23,"Lost / Inactive"
13627,60,5,1638.47,"Loyal Customers"
13629,24,11,7792.36,"Champions"
13630,6,7,2031.78,"Champions"
13631,100,11,3070.42,"At Risk Customers"
13632,25,5,2121.27,"Champions"
13634,34,5,1575.16,"Loyal Customers"
13635,68,1,1071.03,"Lost / Inactive"
13636,37,5,949.12,"Loyal Customers"
13637,53,3,810.50,"Loyal Customers"
13638,16,1,122.64,"New / Recent Customers"
13639,75,1,1033.34,"Lost / Inactive"
13642,216,1,354.80,"Lost / Inactive"
13643,32,3,519.44,"Loyal Customers"
13644,17,4,2624.26,"Loyal Customers"
13645,121,1,252.10,"At Risk Customers"
13647,10,4,1678.12,"Loyal Customers"
13649,257,2,346.60,"Lost / Inactive"
13650,17,6,1836.34,"Champions"
13651,36,2,94.20,"Lost / Inactive"
13652,46,3,1095.08,"Loyal Customers"
13654,44,6,2707.33,"Loyal Customers"
13655,115,2,932.97,"At Risk Customers"
13656,165,2,379.65,"At Risk Customers"
13657,11,2,382.14,"New / Recent Customers"
13658,10,5,2639.17,"Champions"
13659,206,2,1573.20,"Lost / Inactive"
13662,86,3,897.76,"Loyal Customers"
13663,180,1,189.47,"At Risk Customers"
13666,61,3,84.65,"Loyal Customers"
13667,150,1,305.02,"At Risk Customers"
13668,3,21,6363.59,"Champions"
13669,51,2,218.55,"Lost / Inactive"
13670,76,1,349.70,"Lost / Inactive"
13672,302,2,186.39,"Lost / Inactive"
13673,19,2,396.92,"New / Recent Customers"
13675,152,2,486.82,"At Risk Customers"
13678,152,1,232.60,"At Risk Customers"
13680,2,4,3722.42,"Loyal Customers"
13681,18,4,827.83,"Loyal Customers"
13682,188,1,59.50,"Lost / Inactive"
13684,286,1,67.23,"Lost / Inactive"
13685,3,7,3119.44,"Champions"
13686,183,1,72.00,"Lost / Inactive"
13689,64,1,910.00,"Lost / Inactive"
13690,60,1,172.25,"Lost / Inactive"
13692,25,3,1488.32,"Loyal Customers"
13694,4,50,65039.62,"Champions"
13695,32,15,2504.13,"Loyal Customers"
13697,39,1,151.30,"Lost / Inactive"
13699,156,1,308.58,"At Risk Customers"
13700,27,10,2265.12,"Champions"
13703,319,1,99.50,"Lost / Inactive"
13704,6,9,2308.06,"Champions"
13705,8,3,711.86,"Loyal Customers"
13706,303,1,330.79,"Lost / Inactive"
13707,268,2,806.41,"Lost / Inactive"
13708,272,1,296.88,"Lost / Inactive"
13709,4,13,6328.05,"Champions"
13710,32,1,180.48,"Lost / Inactive"
13711,219,2,252.06,"Lost / Inactive"
13712,247,1,228.84,"Lost / Inactive"
13715,282,5,1079.34,"Lost / Inactive"
13716,270,1,138.28,"Lost / Inactive"
13717,33,6,1445.01,"Loyal Customers"
13718,247,2,306.55,"Lost / Inactive"
13719,16,5,1041.68,"Champions"
13720,117,4,799.90,"At Risk Customers"
13721,37,1,524.14,"Lost / Inactive"
13722,132,3,2375.41,"At Risk Customers"
13723,218,1,199.85,"Lost / Inactive"
13725,50,8,1980.56,"Loyal Customers"
13726,39,2,1079.66,"Lost / Inactive"
13727,29,2,333.48,"New / Recent Customers"
13728,37,6,1016.14,"Loyal Customers"
13730,136,2,752.60,"At Risk Customers"
13731,220,2,610.59,"Lost / Inactive"
13732,29,1,491.86,"New / Recent Customers"
13735,25,4,2885.24,"Loyal Customers"
13736,6,2,731.90,"New / Recent Customers"
13737,201,1,339.60,"Lost / Inactive"
13739,19,1,216.90,"New / Recent Customers"
13740,241,1,350.75,"Lost / Inactive"
13741,72,3,668.43,"Loyal Customers"
13742,17,12,3131.02,"Champions"
13743,3,7,1341.60,"Champions"
13744,96,2,1156.36,"At Risk Customers"
13745,163,1,300.04,"At Risk Customers"
13747,374,1,79.60,"Lost / Inactive"
13748,96,5,948.25,"At Risk Customers"
13750,54,5,1647.26,"Loyal Customers"
13751,289,1,296.25,"Lost / Inactive"
13752,125,6,1186.28,"At Risk Customers"
13753,288,1,741.26,"Lost / Inactive"
13754,152,2,282.60,"At Risk Customers"
13755,4,9,2161.35,"Champions"
13756,3,14,5189.52,"Champions"
13758,12,7,3190.55,"Champions"
13759,34,2,659.41,"Lost / Inactive"
13760,55,2,286.79,"Lost / Inactive"
13761,51,2,1070.65,"Lost / Inactive"
13762,219,1,306.72,"Lost / Inactive"
13763,64,1,1714.96,"Lost / Inactive"
13764,71,3,1521.76,"Loyal Customers"
13767,3,37,17220.36,"Champions"
13769,3,10,2796.51,"Champions"
13771,65,4,2634.45,"Loyal Customers"
13772,34,3,1132.13,"Loyal Customers"
13774,82,1,345.00,"Lost / Inactive"
13777,1,33,25977.16,"Champions"
13778,104,1,178.70,"At Risk Customers"
13780,8,2,360.01,"New / Recent Customers"
13781,251,1,127.84,"Lost / Inactive"
13782,13,6,912.00,"Champions"
13784,10,11,2462.79,"Champions"
13786,368,1,230.40,"Lost / Inactive"
13787,76,2,309.04,"Lost / Inactive"
13790,5,1,348.80,"New / Recent Customers"
13791,128,2,1516.00,"At Risk Customers"
13792,67,2,195.55,"Lost / Inactive"
13798,2,57,37153.85,"Champions"
13799,117,2,688.86,"At Risk Customers"
13800,310,1,558.32,"Lost / Inactive"
13801,67,1,324.80,"Lost / Inactive"
13802,139,3,4599.42,"At Risk Customers"
13803,256,1,277.07,"Lost / Inactive"
13804,31,7,2635.79,"Loyal Customers"
13805,53,2,924.60,"Lost / Inactive"
13806,64,1,256.38,"Lost / Inactive"
13807,368,1,112.60,"Lost / Inactive"
13808,6,5,1747.66,"Champions"
13809,306,1,155.05,"Lost / Inactive"
13810,29,3,1499.01,"Loyal Customers"
13811,184,3,814.50,"Lost / Inactive"
13812,43,3,539.00,"Loyal Customers"
13813,40,4,1366.86,"Loyal Customers"
13814,93,2,1579.12,"At Risk Customers"
13815,23,4,4027.36,"Loyal Customers"
13816,24,2,571.67,"New / Recent Customers"
13817,30,2,382.98,"New / Recent Customers"
13819,302,3,1140.35,"Lost / Inactive"
13821,145,2,385.64,"At Risk Customers"
13822,6,2,632.00,"New / Recent Customers"
13823,19,2,957.66,"New / Recent Customers"
13824,33,5,1698.94,"Loyal Customers"
13826,177,1,189.50,"At Risk Customers"
13827,58,3,412.05,"Loyal Customers"
13828,23,1,209.49,"New / Recent Customers"
13831,17,6,2202.99,"Champions"
13832,20,1,52.20,"New / Recent Customers"
13833,160,1,384.80,"At Risk Customers"
13835,26,4,834.57,"Loyal Customers"
13837,212,2,271.24,"Lost / Inactive"
13838,6,4,691.73,"Loyal Customers"
13841,253,1,85.00,"Lost / Inactive"
13842,59,9,3385.62,"Loyal Customers"
13844,12,1,361.62,"New / Recent Customers"
13845,65,1,312.98,"Lost / Inactive"
13846,25,3,865.06,"Loyal Customers"
13848,93,3,1255.00,"At Risk Customers"
13849,52,2,1537.95,"Lost / Inactive"
13850,130,1,1595.48,"At Risk Customers"
13851,96,3,2651.46,"At Risk Customers"
13853,58,1,1090.14,"Lost / Inactive"
13854,9,25,8109.52,"Champions"
13856,169,3,388.50,"At Risk Customers"
13858,58,1,216.17,"Lost / Inactive"
13859,327,1,201.16,"Lost / Inactive"
13860,2,5,1245.90,"Champions"
13862,19,8,2209.36,"Champions"
13863,248,1,305.78,"Lost / Inactive"
13865,59,4,501.56,"Loyal Customers"
13866,75,1,145.67,"Lost / Inactive"
13867,32,3,1015.29,"Loyal Customers"
13868,8,2,3192.54,"New / Recent Customers"
13869,124,4,3104.95,"At Risk Customers"
13870,3,8,2770.94,"Champions"
13871,23,13,6403.25,"Champions"
13873,120,3,389.60,"At Risk Customers"
13874,359,1,540.45,"Lost / Inactive"
13875,54,5,1786.79,"Loyal Customers"
13876,64,1,122.70,"Lost / Inactive"
13877,87,1,117.24,"Lost / Inactive"
13878,55,1,1281.53,"Lost / Inactive"
13880,22,13,3219.77,"Champions"
13881,4,20,17159.52,"Champions"
13882,3,5,1191.13,"Champions"
13883,11,5,2674.48,"Champions"
13884,8,5,787.60,"Champions"
13885,190,2,506.80,"Lost / Inactive"
13886,72,1,243.56,"Lost / Inactive"
13887,205,1,349.55,"Lost / Inactive"
13888,120,2,605.63,"At Risk Customers"
13889,93,1,416.90,"At Risk Customers"
13890,2,10,1883.81,"Champions"
13892,27,4,632.97,"Loyal Customers"
13893,298,1,821.10,"Lost / Inactive"
13894,24,3,564.62,"Loyal Customers"
13895,29,4,2593.07,"Loyal Customers"
13897,51,1,311.16,"Lost / Inactive"
13898,326,1,155.93,"Lost / Inactive"
13899,17,2,388.52,"New / Recent Customers"
13900,184,3,740.95,"Lost / Inactive"
13901,73,5,2867.20,"Loyal Customers"
13904,38,2,332.64,"Lost / Inactive"
13908,80,4,2369.55,"Loyal Customers"
13911,58,9,2580.91,"Loyal Customers"
13914,12,2,626.45,"New / Recent Customers"
13917,50,2,272.04,"Lost / Inactive"
13918,50,2,1212.84,"Lost / Inactive"
13919,60,2,384.81,"Lost / Inactive"
13922,352,1,172.25,"Lost / Inactive"
13923,54,1,351.13,"Lost / Inactive"
13924,2,6,1838.85,"Champions"
13925,93,4,678.25,"At Risk Customers"
13926,24,1,223.85,"New / Recent Customers"
13927,75,1,348.99,"Lost / Inactive"
13928,11,4,464.57,"Loyal Customers"
13929,170,2,842.65,"At Risk Customers"
13930,58,2,337.34,"Lost / Inactive"
13931,96,2,1237.53,"At Risk Customers"
13932,295,1,307.40,"Lost / Inactive"
13933,110,2,608.79,"At Risk Customers"
13934,264,1,922.10,"Lost / Inactive"
13936,180,1,376.58,"At Risk Customers"
13937,170,1,158.85,"At Risk Customers"
13938,36,1,71.66,"Lost / Inactive"
13939,24,3,568.55,"Loyal Customers"
13940,18,4,839.14,"Loyal Customers"
13941,22,5,5112.96,"Champions"
13946,80,3,561.57,"Loyal Customers"
13947,66,1,90.60,"Lost / Inactive"
13948,361,1,102.00,"Lost / Inactive"
13949,3,6,2427.32,"Champions"
13950,12,4,745.06,"Loyal Customers"
13951,177,3,674.45,"At Risk Customers"
13952,218,2,3251.07,"Lost / Inactive"
13953,8,7,3515.68,"Champions"
13954,2,2,439.92,"New / Recent Customers"
13955,155,2,322.96,"At Risk Customers"
13956,6,5,1026.42,"Champions"
13959,80,3,598.20,"Loyal Customers"
13960,22,2,230.22,"New / Recent Customers"
13962,22,2,169.55,"New / Recent Customers"
13963,309,4,664.54,"Lost / Inactive"
13967,146,1,80.70,"At Risk Customers"
13969,8,18,9053.94,"Champions"
13971,19,8,2758.26,"Champions"
13972,71,2,190.25,"Lost / Inactive"
13973,288,1,264.70,"Lost / Inactive"
13974,50,1,413.59,"Lost / Inactive"
13975,32,6,2526.28,"Loyal Customers"
13976,207,1,357.98,"Lost / Inactive"
13978,15,2,196.79,"New / Recent Customers"
13979,74,1,869.87,"Lost / Inactive"
13980,61,1,200.14,"Lost / Inactive"
13982,40,4,1871.81,"Loyal Customers"
13983,30,12,2603.43,"Champions"
13984,27,5,920.51,"Champions"
13985,5,15,7060.13,"Champions"
13986,18,1,320.46,"New / Recent Customers"
13988,20,6,4147.96,"Champions"
13989,66,2,1266.08,"Lost / Inactive"
13990,214,1,311.30,"Lost / Inactive"
13991,13,6,855.97,"Champions"
13992,31,1,76.80,"Lost / Inactive"
13993,43,9,3466.36,"Loyal Customers"
13994,4,6,2313.14,"Champions"
13995,16,5,1393.69,"Champions"
13999,11,12,3901.81,"Champions"
14000,212,1,635.66,"Lost / Inactive"
14001,46,3,2043.08,"Loyal Customers"
14002,135,2,529.73,"At Risk Customers"
14004,44,7,4582.64,"Loyal Customers"
14005,10,5,2874.72,"Champions"
14006,116,3,962.19,"At Risk Customers"
14009,199,2,695.61,"Lost / Inactive"
14012,278,1,328.80,"Lost / Inactive"
14013,111,3,473.02,"At Risk Customers"
14014,78,1,505.18,"Lost / Inactive"
14015,53,1,917.34,"Lost / Inactive"
14016,162,4,4341.21,"At Risk Customers"
14019,47,3,1421.61,"Loyal Customers"
14020,17,2,642.80,"New / Recent Customers"
14021,156,3,631.90,"At Risk Customers"
14022,226,1,440.00,"Lost / Inactive"
14023,8,2,584.07,"New / Recent Customers"
14024,122,2,327.70,"At Risk Customers"
14027,61,1,104.82,"Lost / Inactive"
14029,64,2,467.66,"Lost / Inactive"
14030,19,8,2360.09,"Champions"
14031,8,19,17286.86,"Champions"
14032,3,11,2975.59,"Champions"
14034,23,3,651.82,"Loyal Customers"
14035,29,5,1428.02,"Champions"
14036,285,1,626.65,"Lost / Inactive"
14037,177,2,147.20,"At Risk Customers"
14038,79,3,1560.38,"Loyal Customers"
14039,34,1,152.20,"Lost / Inactive"
14040,41,12,3614.92,"Loyal Customers"
14041,267,1,141.41,"Lost / Inactive"
14044,27,4,652.82,"Loyal Customers"
14045,110,4,1659.75,"At Risk Customers"
14046,285,1,154.99,"Lost / Inactive"
14047,9,5,1308.61,"Champions"
14048,306,1,409.93,"Lost / Inactive"
14049,17,4,5681.72,"Loyal Customers"
14050,32,2,746.36,"Lost / Inactive"
14051,1,23,15610.39,"Champions"
14052,20,1,225.36,"New / Recent Customers"
14053,125,2,260.25,"At Risk Customers"
14054,66,1,92.46,"Lost / Inactive"
14055,107,1,725.64,"At Risk Customers"
14056,2,23,8214.65,"Champions"
14057,24,17,6217.96,"Champions"
14059,267,1,183.60,"Lost / Inactive"
14060,5,19,6140.42,"Champions"
14062,10,12,10464.85,"Champions"
14064,30,5,1353.74,"Champions"
14066,267,1,152.55,"Lost / Inactive"
14067,64,2,374.70,"Lost / Inactive"
14068,321,1,265.85,"Lost / Inactive"
14071,4,8,1438.82,"Champions"
14073,33,1,151.04,"Lost / Inactive"
14075,5,3,942.26,"Loyal Customers"
14076,130,1,122.47,"At Risk Customers"
14077,41,5,499.42,"Loyal Customers"
14078,102,6,1049.37,"At Risk Customers"
14079,125,1,375.10,"At Risk Customers"
14080,33,1,45.60,"Lost / Inactive"
14081,303,2,934.52,"Lost / Inactive"
14082,365,1,182.25,"Lost / Inactive"
14083,5,9,1018.43,"Champions"
14085,3,18,4448.54,"Champions"
14087,3,1,194.42,"New / Recent Customers"
14088,11,13,50491.81,"Champions"
14089,57,1,161.00,"Lost / Inactive"
14090,325,1,76.32,"Lost / Inactive"
14092,8,14,4076.91,"Champions"
14093,13,1,442.85,"New / Recent Customers"
14096,5,17,65164.79,"Champions"
14098,37,1,147.35,"Lost / Inactive"
14099,17,11,3104.17,"Champions"
14100,138,1,194.90,"At Risk Customers"
14101,74,6,5976.79,"Loyal Customers"
14102,6,5,1360.28,"Champions"
14104,155,2,216.21,"At Risk Customers"
14105,240,1,1266.23,"Lost / Inactive"
14107,52,7,2703.23,"Loyal Customers"
14108,31,2,597.91,"Lost / Inactive"
14109,73,1,144.20,"Lost / Inactive"
14110,4,12,5683.15,"Champions"
14111,15,4,692.85,"Loyal Customers"
14112,23,7,2915.15,"Champions"
14113,4,4,1840.42,"Loyal Customers"
14114,274,2,386.53,"Lost / Inactive"
14116,20,5,1382.74,"Champions"
14117,144,1,90.00,"At Risk Customers"
14121,4,4,2780.15,"Loyal Customers"
14124,85,1,419.58,"Lost / Inactive"
14125,11,3,2740.43,"Loyal Customers"
14126,8,3,706.13,"Loyal Customers"
14127,123,3,709.71,"At Risk Customers"
14128,61,2,637.50,"Lost / Inactive"
14129,2,5,1123.86,"Champions"
14130,320,1,483.86,"Lost / Inactive"
14132,3,11,3586.03,"Champions"
14133,130,3,605.64,"At Risk Customers"
14135,2,15,4690.31,"Champions"
14138,2,2,982.38,"New / Recent Customers"
14139,47,1,415.82,"Lost / Inactive"
14140,4,2,935.05,"New / Recent Customers"
14141,3,4,915.13,"Loyal Customers"
14142,374,1,311.81,"Lost / Inactive"
14143,134,1,115.80,"At Risk Customers"
14145,47,4,3742.20,"Loyal Customers"
14146,9,5,4191.00,"Champions"
14147,79,2,483.40,"Lost / Inactive"
14148,234,1,157.20,"Lost / Inactive"
14149,221,1,446.62,"Lost / Inactive"
14150,36,2,658.64,"Lost / Inactive"
14152,76,2,621.29,"Lost / Inactive"
14154,240,2,1345.62,"Lost / Inactive"
14155,267,1,118.75,"Lost / Inactive"
14156,10,55,117379.63,"Champions"
14157,20,2,432.88,"New / Recent Customers"
14158,41,1,507.66,"Lost / Inactive"
14159,20,11,4693.01,"Champions"
14161,216,3,1110.52,"Lost / Inactive"
14162,174,2,289.36,"At Risk Customers"
14163,88,4,2445.91,"Loyal Customers"
14164,71,2,1631.77,"Lost / Inactive"
14165,276,1,122.54,"Lost / Inactive"
14167,40,4,574.84,"Loyal Customers"
14171,99,1,363.79,"At Risk Customers"
14173,11,4,450.84,"Loyal Customers"
14174,34,1,134.46,"Lost / Inactive"
14175,60,3,3222.30,"Loyal Customers"
14176,298,4,576.90,"Lost / Inactive"
14177,87,4,559.41,"Loyal Customers"
14178,9,7,1620.93,"Champions"
14179,41,2,719.78,"Lost / Inactive"
14180,11,25,4748.52,"Champions"
14184,67,1,452.89,"Lost / Inactive"
14185,332,1,197.65,"Lost / Inactive"
14188,31,6,2054.36,"Loyal Customers"
14189,3,15,4654.08,"Champions"
14191,2,13,4684.76,"Champions"
14193,68,2,853.39,"Lost / Inactive"
14194,5,21,11349.52,"Champions"
14195,202,2,1012.00,"Lost / Inactive"
14196,107,1,335.52,"At Risk Customers"
14198,19,4,701.40,"Loyal Customers"
14199,219,1,185.40,"Lost / Inactive"
14201,61,7,747.44,"Loyal Customers"
14204,3,1,161.03,"New / Recent Customers"
14205,17,2,466.70,"New / Recent Customers"
14206,240,1,328.16,"Lost / Inactive"
14208,95,1,151.74,"At Risk Customers"
14209,11,6,2073.43,"Champions"
14210,106,6,1905.84,"At Risk Customers"
14211,54,9,2241.10,"Loyal Customers"
14212,90,1,1070.48,"Lost / Inactive"
14214,31,5,1004.38,"Loyal Customers"
14215,12,6,1789.72,"Champions"
14216,4,4,1839.30,"Loyal Customers"
14217,2,17,2004.98,"Champions"
14218,43,1,169.48,"Lost / Inactive"
14219,5,1,89.94,"New / Recent Customers"
14220,248,2,632.40,"Lost / Inactive"
14221,43,9,3432.80,"Loyal Customers"
14222,178,1,683.17,"At Risk Customers"
14223,93,3,991.13,"At Risk Customers"
14224,111,4,1050.12,"At Risk Customers"
14226,29,5,2232.19,"Champions"
14227,27,10,3350.96,"Champions"
14229,52,3,1547.20,"Loyal Customers"
14231,184,3,925.71,"Lost / Inactive"
14232,43,5,2048.07,"Loyal Customers"
14233,50,4,1462.72,"Loyal Customers"
14234,23,4,775.46,"Loyal Customers"
14235,76,5,3144.86,"Loyal Customers"
14236,81,2,490.86,"Lost / Inactive"
14237,374,1,161.00,"Lost / Inactive"
14238,327,1,146.85,"Lost / Inactive"
14239,44,11,2380.85,"Loyal Customers"
14240,31,2,890.34,"Lost / Inactive"
14241,184,1,213.70,"Lost / Inactive"
14242,235,2,280.55,"Lost / Inactive"
14243,9,10,2588.77,"Champions"
14245,220,2,1693.45,"Lost / Inactive"
14246,111,3,1474.06,"At Risk Customers"
14247,279,1,136.77,"Lost / Inactive"
14248,319,1,302.58,"Lost / Inactive"
14250,8,3,1904.05,"Loyal Customers"
14251,2,5,2879.70,"Champions"
14256,261,2,969.06,"Lost / Inactive"
14257,65,5,3099.72,"Loyal Customers"
14258,10,9,12669.98,"Champions"
14259,142,1,120.00,"At Risk Customers"
14261,51,2,1163.45,"Lost / Inactive"
14262,9,8,2618.23,"Champions"
14264,155,2,333.97,"At Risk Customers"
14265,110,2,530.18,"At Risk Customers"
14267,163,3,1516.24,"At Risk Customers"
14270,332,1,492.65,"Lost / Inactive"
14271,226,1,112.32,"Lost / Inactive"
14272,74,2,437.96,"Lost / Inactive"
14273,52,4,559.97,"Loyal Customers"
14276,99,3,1119.74,"At Risk Customers"
14277,16,3,4216.20,"Loyal Customers"
14280,197,1,134.04,"Lost / Inactive"
14282,4,15,3729.34,"Champions"
14284,31,2,595.25,"Lost / Inactive"
14285,22,4,1910.01,"Loyal Customers"
14286,24,3,4628.75,"Loyal Customers"
14287,9,3,176.63,"Loyal Customers"
14288,214,1,426.60,"Lost / Inactive"
14289,9,6,911.26,"Champions"
14290,12,5,2314.65,"Champions"
14291,2,11,3883.25,"Champions"
14292,8,9,4871.93,"Champions"
14293,4,4,1046.56,"Loyal Customers"
14295,41,1,166.20,"Lost / Inactive"
14297,18,4,1305.33,"Loyal Customers"
14298,9,44,51527.30,"Champions"
14299,9,9,3965.62,"Champions"
14300,19,1,43.20,"New / Recent Customers"
14301,118,1,640.14,"At Risk Customers"
14304,223,1,383.45,"Lost / Inactive"
14305,72,3,1858.96,"Loyal Customers"
14306,52,2,2093.32,"Lost / Inactive"
14307,89,6,2995.72,"Loyal Customers"
14309,9,9,2352.53,"Champions"
14311,243,1,310.26,"Lost / Inactive"
14312,47,6,1611.59,"Loyal Customers"
14314,107,1,120.00,"At Risk Customers"
14315,45,6,2481.13,"Loyal Customers"
14317,65,1,508.58,"Lost / Inactive"
14320,207,2,477.79,"Lost / Inactive"
14321,11,5,1530.75,"Champions"
14323,115,2,605.06,"At Risk Customers"
14326,243,1,183.85,"Lost / Inactive"
14327,164,1,311.65,"At Risk Customers"
14329,18,7,5014.84,"Champions"
14331,125,2,462.66,"At Risk Customers"
14332,23,3,866.31,"Loyal Customers"
14333,68,1,415.20,"Lost / Inactive"
14334,17,8,2552.21,"Champions"
14335,17,2,468.26,"New / Recent Customers"
14336,17,4,1614.91,"Loyal Customers"
14338,162,2,588.22,"At Risk Customers"
14339,243,1,309.52,"Lost / Inactive"
14340,219,1,134.70,"Lost / Inactive"
14341,46,8,2182.28,"Loyal Customers"
14342,22,4,668.56,"Loyal Customers"
14344,128,8,889.93,"At Risk Customers"
14345,39,1,108.98,"Lost / Inactive"
14346,121,2,1021.58,"At Risk Customers"
14348,261,1,409.57,"Lost / Inactive"
14349,11,1,133.50,"New / Recent Customers"
14350,275,1,282.93,"Lost / Inactive"
14351,165,1,51.00,"At Risk Customers"
14352,158,4,1078.96,"At Risk Customers"
14353,216,1,90.60,"Lost / Inactive"
14354,6,2,163.62,"New / Recent Customers"
14355,366,1,174.40,"Lost / Inactive"
14356,80,2,701.23,"Lost / Inactive"
14357,44,1,225.77,"Lost / Inactive"
14359,20,3,912.18,"Loyal Customers"
14360,32,4,2128.23,"Loyal Customers"
14362,23,1,161.20,"New / Recent Customers"
14364,109,8,3717.35,"At Risk Customers"
14367,9,16,9261.52,"Champions"
14368,320,1,155.00,"Lost / Inactive"
14371,296,1,100.50,"Lost / Inactive"
14373,359,1,76.55,"Lost / Inactive"
14375,186,1,257.68,"Lost / Inactive"
14377,192,2,617.05,"Lost / Inactive"
14379,45,2,348.10,"Lost / Inactive"
14381,53,1,202.68,"Lost / Inactive"
14382,27,1,626.07,"New / Recent Customers"
14383,39,3,1247.69,"Loyal Customers"
14385,10,3,202.11,"Loyal Customers"
14386,297,1,142.40,"Lost / Inactive"
14387,33,3,1770.56,"Loyal Customers"
14388,11,8,3212.84,"Champions"
14389,66,2,1043.46,"Lost / Inactive"
14390,11,9,4652.82,"Champions"
14393,219,1,67.95,"Lost / Inactive"
14395,3,9,3507.71,"Champions"
14396,66,2,487.99,"Lost / Inactive"
14397,3,19,2612.96,"Champions"
14400,150,1,574.70,"At Risk Customers"
14401,5,13,4051.48,"Champions"
14403,131,4,1475.81,"At Risk Customers"
14404,34,6,1474.32,"Loyal Customers"
14406,120,1,156.75,"At Risk Customers"
14407,108,6,2157.73,"At Risk Customers"
14408,11,7,2606.53,"Champions"
14409,72,6,2059.45,"Loyal Customers"
14410,93,9,1105.07,"At Risk Customers"
14411,311,1,1063.00,"Lost / Inactive"
14412,43,2,770.03,"Lost / Inactive"
14413,363,1,122.70,"Lost / Inactive"
14414,92,7,1496.98,"At Risk Customers"
14415,2,13,5900.28,"Champions"
14416,23,2,490.22,"New / Recent Customers"
14418,4,3,1937.25,"Loyal Customers"
14419,11,6,1058.06,"Champions"
14420,100,1,387.52,"At Risk Customers"
14421,58,2,813.11,"Lost / Inactive"
14422,1,6,4263.64,"Champions"
14423,219,1,265.20,"Lost / Inactive"
14424,18,1,322.08,"New / Recent Customers"
14426,24,10,4481.67,"Champions"
14427,51,2,363.34,"Lost / Inactive"
14428,8,5,1244.83,"Champions"
14431,303,1,470.36,"Lost / Inactive"
14432,10,6,2255.51,"Champions"
14434,22,6,1372.80,"Champions"
14436,99,1,89.06,"At Risk Customers"
14437,366,1,63.00,"Lost / Inactive"
14438,307,1,131.90,"Lost / Inactive"
14439,320,1,2661.24,"Lost / Inactive"
14440,9,5,2357.68,"Champions"
14441,1,4,1712.89,"Loyal Customers"
14442,205,2,1589.82,"Lost / Inactive"
14443,54,4,1420.20,"Loyal Customers"
14446,1,4,1039.58,"Loyal Customers"
14447,19,5,1163.23,"Champions"
14448,10,2,375.35,"New / Recent Customers"
14449,19,4,907.10,"Loyal Customers"
14450,181,3,483.25,"Lost / Inactive"
14451,61,2,662.59,"Lost / Inactive"
14452,11,2,264.44,"New / Recent Customers"
14453,191,1,119.93,"Lost / Inactive"
14456,6,9,3062.40,"Champions"
14457,311,1,113.64,"Lost / Inactive"
14459,156,1,1837.92,"At Risk Customers"
14460,111,3,434.34,"At Risk Customers"
14461,149,3,2103.06,"At Risk Customers"
14462,67,11,2004.02,"Loyal Customers"
14463,99,3,529.62,"At Risk Customers"
14465,247,3,1058.62,"Lost / Inactive"
14466,30,7,2272.40,"Champions"
14467,18,4,598.76,"Loyal Customers"
14470,12,2,461.19,"New / Recent Customers"
14472,104,8,1936.84,"At Risk Customers"
14473,75,2,234.34,"Lost / Inactive"
14474,47,1,547.66,"Lost / Inactive"
14475,72,3,925.85,"Loyal Customers"
14476,258,1,215.70,"Lost / Inactive"
14477,20,4,1309.60,"Loyal Customers"
14479,254,2,316.25,"Lost / Inactive"
14480,12,1,279.05,"New / Recent Customers"
14481,165,2,636.51,"At Risk Customers"
14482,19,6,2068.15,"Champions"
14483,282,1,137.10,"Lost / Inactive"
14484,51,1,321.92,"Lost / Inactive"
14485,39,1,165.75,"Lost / Inactive"
14487,27,6,1196.33,"Champions"
14488,68,1,1064.28,"Lost / Inactive"
14489,208,1,463.38,"Lost / Inactive"
14491,176,2,340.93,"At Risk Customers"
14493,8,5,2383.24,"Champions"
14494,26,1,139.56,"New / Recent Customers"
14495,51,2,123.80,"Lost / Inactive"
14496,312,2,538.81,"Lost / Inactive"
14497,310,1,475.37,"Lost / Inactive"
14498,43,5,1957.32,"Loyal Customers"
14499,27,3,815.32,"Loyal Customers"
14500,89,3,356.85,"Loyal Customers"
14501,184,2,251.21,"Lost / Inactive"
14502,20,11,2470.67,"Champions"
14503,4,6,3543.26,"Champions"
14504,48,4,673.26,"Loyal Customers"
14505,18,8,5905.64,"Champions"
14506,18,5,2012.17,"Champions"
14507,24,6,1383.18,"Champions"
14508,23,2,276.42,"New / Recent Customers"
14511,12,5,1314.81,"Champions"
14512,188,2,275.28,"Lost / Inactive"
14513,101,3,455.59,"At Risk Customers"
14514,62,3,1055.35,"Loyal Customers"
14515,18,6,2102.09,"Champions"
14517,34,2,330.45,"Lost / Inactive"
14518,65,1,174.37,"Lost / Inactive"
14520,2,2,270.60,"New / Recent Customers"
14522,25,4,974.54,"Loyal Customers"
14523,109,1,241.09,"At Risk Customers"
14524,32,9,1867.68,"Loyal Customers"
14525,20,9,4332.20,"Champions"
14527,3,55,8508.82,"Champions"
14528,38,1,364.22,"Lost / Inactive"
14529,61,3,620.04,"Loyal Customers"
14530,26,6,2925.91,"Champions"
14532,237,4,932.85,"Lost / Inactive"
14533,25,7,1949.72,"Champions"
14534,3,18,4447.05,"Champions"
14535,61,3,2864.19,"Loyal Customers"
14536,260,1,171.80,"Lost / Inactive"
14537,58,1,355.56,"Lost / Inactive"
14538,65,2,388.25,"Lost / Inactive"
14539,16,2,537.48,"New / Recent Customers"
14540,10,3,996.26,"Loyal Customers"
14541,59,8,1461.65,"Loyal Customers"
14542,186,1,103.25,"Lost / Inactive"
14543,29,16,3630.33,"Champions"
14544,25,2,2024.45,"New / Recent Customers"
14546,6,5,2578.09,"Champions"
14547,4,8,4007.54,"Champions"
14548,151,2,652.80,"At Risk Customers"
14549,312,1,289.24,"Lost / Inactive"
14550,11,2,765.62,"New / Recent Customers"
14551,19,2,186.23,"New / Recent Customers"
14552,152,1,165.07,"At Risk Customers"
14553,20,5,859.27,"Champions"
14554,11,4,2381.04,"Loyal Customers"
14555,58,2,324.14,"Lost / Inactive"
14557,86,1,788.38,"Lost / Inactive"
14560,8,22,2237.77,"Champions"
14561,76,3,1080.76,"Loyal Customers"
14562,4,18,5074.77,"Champions"
14565,96,4,3099.12,"At Risk Customers"
14566,111,1,1432.00,"At Risk Customers"
14567,57,2,1530.36,"Lost / Inactive"
14569,2,1,227.39,"New / Recent Customers"
14570,281,2,218.06,"Lost / Inactive"
14572,4,7,2832.84,"Champions"
14573,180,9,1653.42,"At Risk Customers"
14576,373,1,35.40,"Lost / Inactive"
14577,13,4,859.71,"Loyal Customers"
14578,4,1,168.63,"New / Recent Customers"
14581,17,1,138.60,"New / Recent Customers"
14582,41,1,114.11,"Lost / Inactive"
14583,6,5,1052.55,"Champions"
14584,170,4,1042.26,"At Risk Customers"
14585,51,1,157.05,"Lost / Inactive"
14586,277,1,237.36,"Lost / Inactive"
14587,19,9,1601.14,"Champions"
14589,372,1,39.75,"Lost / Inactive"
14591,16,4,1447.14,"Loyal Customers"
14592,36,3,570.46,"Loyal Customers"
14593,22,3,617.99,"Loyal Customers"
14594,8,2,379.83,"New / Recent Customers"
14595,20,6,1740.60,"Champions"
14597,12,2,883.15,"New / Recent Customers"
14598,45,1,221.97,"Lost / Inactive"
14600,306,1,393.33,"Lost / Inactive"
14601,11,1,213.96,"New / Recent Customers"
14603,275,1,660.00,"Lost / Inactive"
14606,2,93,12156.65,"Champions"
14607,16,14,16569.50,"Champions"
14608,5,4,1785.15,"Loyal Customers"
14609,73,4,601.56,"Loyal Customers"
14616,243,3,406.08,"Lost / Inactive"
14618,10,3,553.44,"Loyal Customers"
14619,246,1,394.44,"Lost / Inactive"
14620,206,2,412.78,"Lost / Inactive"
14621,2,5,1788.36,"Champions"
14622,185,1,320.58,"Lost / Inactive"
14623,33,5,889.25,"Loyal Customers"
14624,58,2,225.85,"Lost / Inactive"
14625,197,2,899.63,"Lost / Inactive"
14626,24,4,2791.27,"Loyal Customers"
14628,92,2,671.96,"At Risk Customers"
14629,5,2,959.01,"New / Recent Customers"
14631,51,3,1006.98,"Loyal Customers"
14632,263,1,114.56,"Lost / Inactive"
14633,267,1,344.90,"Lost / Inactive"
14636,37,2,609.85,"Lost / Inactive"
14638,51,1,443.60,"Lost / Inactive"
14639,53,6,2984.49,"Loyal Customers"
14640,25,6,2125.08,"Champions"
14641,22,1,110.46,"New / Recent Customers"
14642,59,1,96.12,"Lost / Inactive"
14643,171,2,693.81,"At Risk Customers"
14644,68,2,830.76,"Lost / Inactive"
14645,157,2,597.09,"At Risk Customers"
14646,2,73,280206.02,"Champions"
14647,202,1,243.22,"Lost / Inactive"
14649,5,4,1417.29,"Loyal Customers"
14651,68,2,654.60,"Lost / Inactive"
14652,78,1,114.18,"Lost / Inactive"
14653,2,7,1947.55,"Champions"
14655,9,4,1932.23,"Loyal Customers"
14656,170,2,291.05,"At Risk Customers"
14657,18,4,848.22,"Loyal Customers"
14658,6,2,247.15,"New / Recent Customers"
14659,9,9,2529.93,"Champions"
14660,87,2,285.74,"Lost / Inactive"
14661,27,1,107.95,"New / Recent Customers"
14662,29,4,771.17,"Loyal Customers"
14664,20,2,637.89,"New / Recent Customers"
14665,61,5,1835.70,"Loyal Customers"
14666,25,1,195.25,"New / Recent Customers"
14667,11,25,9241.20,"Champions"
14669,242,3,1269.99,"Lost / Inactive"
14670,281,2,411.53,"Lost / Inactive"
14672,235,2,765.55,"Lost / Inactive"
14673,4,5,1736.40,"Champions"
14675,17,1,604.75,"New / Recent Customers"
14676,32,6,2548.24,"Loyal Customers"
14680,26,16,28754.11,"Champions"
14681,72,3,498.95,"Loyal Customers"
14682,188,2,52.00,"Lost / Inactive"
14684,26,5,1236.28,"Champions"
14687,107,1,628.38,"At Risk Customers"
14688,8,21,5630.87,"Champions"
14689,209,1,112.80,"Lost / Inactive"
14690,45,2,371.70,"Lost / Inactive"
14691,31,5,2114.33,"Loyal Customers"
14692,138,4,591.55,"At Risk Customers"
14693,265,1,172.90,"Lost / Inactive"
14696,5,7,2078.95,"Champions"
14697,219,2,188.61,"Lost / Inactive"
14698,2,5,1250.76,"Champions"
14699,215,1,109.13,"Lost / Inactive"
14700,33,3,2235.30,"Loyal Customers"
14701,11,9,2549.37,"Champions"
14702,2,17,3292.14,"Champions"
14703,15,1,318.17,"New / Recent Customers"
14704,12,9,1546.91,"Champions"
14705,199,1,179.00,"Lost / Inactive"
14708,3,3,1126.37,"Loyal Customers"
14709,16,13,4921.04,"Champions"
14710,15,4,606.13,"Loyal Customers"
14711,11,11,2868.80,"Champions"
14712,30,3,917.07,"Loyal Customers"
14713,10,11,2666.36,"Champions"
14714,25,1,160.19,"New / Recent Customers"
14715,25,4,867.38,"Loyal Customers"
14716,44,2,329.68,"Lost / Inactive"
14719,2,5,1602.13,"Champions"
14720,6,3,663.81,"Loyal Customers"
14722,148,1,187.92,"At Risk Customers"
14723,11,6,1158.30,"Champions"
14725,25,1,718.08,"New / Recent Customers"
14727,275,1,268.58,"Lost / Inactive"
14729,374,1,313.49,"Lost / Inactive"
14730,2,8,2005.06,"Champions"
14731,48,3,380.02,"Loyal Customers"
14732,9,8,2702.49,"Champions"
14733,17,12,9585.91,"Champions"
14735,4,32,6065.69,"Champions"
14737,4,3,1164.55,"Loyal Customers"
14738,43,7,1314.45,"Loyal Customers"
14739,5,7,3902.28,"Champions"
14740,198,3,1448.21,"Lost / Inactive"
14741,12,6,1400.34,"Champions"
14744,17,7,1099.98,"Champions"
14745,113,5,1220.26,"At Risk Customers"
14747,250,1,328.20,"Lost / Inactive"
14748,30,5,1415.75,"Champions"
14752,44,1,389.64,"Lost / Inactive"
14753,88,1,563.15,"Lost / Inactive"
14754,45,2,638.05,"Lost / Inactive"
14755,10,11,5010.28,"Champions"
14756,16,1,738.96,"New / Recent Customers"
14757,76,1,420.50,"Lost / Inactive"
14758,145,4,1484.06,"At Risk Customers"
14759,5,3,1625.97,"Loyal Customers"
14760,298,1,89.20,"Lost / Inactive"
14761,59,2,255.90,"Lost / Inactive"
14762,264,1,300.52,"Lost / Inactive"
14764,47,1,278.30,"Lost / Inactive"
14765,30,3,254.11,"Loyal Customers"
14766,9,6,2473.37,"Champions"
14768,18,2,192.60,"New / Recent Customers"
14769,3,8,10674.75,"Champions"
14770,233,2,876.42,"Lost / Inactive"
14772,113,1,139.26,"At Risk Customers"
14775,59,3,1011.90,"Loyal Customers"
14776,52,11,2538.30,"Loyal Customers"
14778,128,2,730.86,"At Risk Customers"
14779,281,3,386.15,"Lost / Inactive"
14780,55,2,447.68,"Lost / Inactive"
14782,320,1,200.10,"Lost / Inactive"
14784,27,2,289.99,"New / Recent Customers"
14785,11,2,77.40,"New / Recent Customers"
14788,8,2,679.44,"New / Recent Customers"
14789,29,1,197.64,"New / Recent Customers"
14790,17,4,745.06,"Loyal Customers"
14792,64,1,6.20,"Lost / Inactive"
14793,22,1,228.99,"New / Recent Customers"
14794,3,7,1319.91,"Champions"
14795,167,1,131.45,"At Risk Customers"
14796,2,17,8022.49,"Champions"
14798,53,3,173.74,"Loyal Customers"
14799,52,1,157.70,"Lost / Inactive"
14800,48,12,4339.74,"Loyal Customers"
14801,62,1,193.14,"Lost / Inactive"
14803,163,3,845.55,"At Risk Customers"
14804,9,1,353.27,"New / Recent Customers"
14805,16,4,554.65,"Loyal Customers"
14806,76,1,193.39,"Lost / Inactive"
14808,40,8,2741.17,"Loyal Customers"
14810,41,11,2087.88,"Loyal Customers"
14813,370,2,155.43,"Lost / Inactive"
14815,37,2,778.50,"Lost / Inactive"
14816,198,1,271.85,"Lost / Inactive"
14817,201,2,1110.34,"Lost / Inactive"
14818,74,3,657.80,"Loyal Customers"
14819,65,2,272.07,"Lost / Inactive"
14820,22,4,507.29,"Loyal Customers"
14821,367,1,48.80,"Lost / Inactive"
14823,181,3,321.43,"Lost / Inactive"
14824,11,4,1127.71,"Loyal Customers"
14825,4,12,2226.91,"Champions"
14828,197,3,2139.76,"Lost / Inactive"
14829,30,4,697.55,"Loyal Customers"
14830,54,1,197.13,"Lost / Inactive"
14834,18,6,1720.30,"Champions"
14836,11,3,102.45,"Loyal Customers"
14837,90,4,1649.50,"Loyal Customers"
14840,268,1,62.85,"Lost / Inactive"
14841,54,6,3295.76,"Loyal Customers"
14842,44,4,2824.69,"Loyal Customers"
14844,64,4,3189.81,"Loyal Customers"
14847,149,1,309.40,"At Risk Customers"
14849,22,25,7930.54,"Champions"
14850,312,1,325.75,"Lost / Inactive"
14851,24,2,511.35,"New / Recent Customers"
14852,59,6,2836.69,"Loyal Customers"
14853,25,2,475.80,"New / Recent Customers"
14854,79,7,2759.83,"Loyal Customers"
14855,120,2,645.65,"At Risk Customers"
14856,37,3,1311.38,"Loyal Customers"
14857,60,2,1173.12,"Lost / Inactive"
14859,13,4,1353.74,"Loyal Customers"
14860,20,1,170.32,"New / Recent Customers"
14861,53,1,125.79,"Lost / Inactive"
14862,26,2,841.20,"New / Recent Customers"
14863,30,1,266.76,"New / Recent Customers"
14865,8,2,52.20,"New / Recent Customers"
14866,11,12,14389.90,"Champions"
14867,186,3,710.28,"Lost / Inactive"
14868,4,8,2953.59,"Champions"
14869,9,2,725.70,"New / Recent Customers"
14870,262,1,327.25,"Lost / Inactive"
14871,4,4,522.38,"Loyal Customers"
14873,211,1,519.68,"Lost / Inactive"
14875,108,2,1465.32,"At Risk Customers"
14878,13,9,1485.54,"Champions"
14880,78,3,706.19,"Loyal Customers"
14881,20,1,255.40,"New / Recent Customers"
14882,27,2,589.70,"New / Recent Customers"
14883,19,6,761.59,"Champions"
14885,132,1,765.32,"At Risk Customers"
14886,253,1,364.80,"Lost / Inactive"
14887,80,1,1862.00,"Lost / Inactive"
14888,208,1,369.20,"Lost / Inactive"
14889,337,1,135.90,"Lost / Inactive"
14890,254,1,125.65,"Lost / Inactive"
14891,149,2,554.38,"At Risk Customers"
14893,10,2,1237.85,"New / Recent Customers"
14894,86,1,655.75,"Lost / Inactive"
14895,8,20,11138.71,"Champions"
14896,205,2,468.77,"Lost / Inactive"
14897,8,4,1366.38,"Loyal Customers"
14898,24,6,1303.52,"Champions"
14901,12,9,1421.29,"Champions"
14902,26,1,332.66,"New / Recent Customers"
14903,22,5,2810.63,"Champions"
14904,3,2,1025.44,"New / Recent Customers"
14905,158,2,616.15,"At Risk Customers"
14907,4,7,3501.10,"Champions"
14908,75,1,277.80,"Lost / Inactive"
14910,3,4,434.35,"Loyal Customers"
14911,2,201,143825.06,"Champions"
14912,17,2,867.85,"New / Recent Customers"
14913,36,4,1227.43,"Loyal Customers"
14915,92,2,307.48,"At Risk Customers"
14916,71,4,1268.98,"Loyal Customers"
14918,116,2,1610.15,"At Risk Customers"
14920,213,2,977.77,"Lost / Inactive"
14921,31,2,1316.07,"Lost / Inactive"
14923,51,1,749.10,"Lost / Inactive"
14924,246,1,310.05,"Lost / Inactive"
14929,33,1,223.88,"Lost / Inactive"
14930,109,3,2372.86,"At Risk Customers"
14931,5,5,1257.68,"Champions"
14932,366,1,363.53,"Lost / Inactive"
14934,82,2,1890.94,"Lost / Inactive"
14935,298,1,1784.71,"Lost / Inactive"
14936,34,8,8137.02,"Loyal Customers"
14937,57,3,1621.88,"Loyal Customers"
14944,30,12,5900.25,"Champions"
14946,15,1,100.90,"New / Recent Customers"
14947,73,2,290.82,"Lost / Inactive"
14948,24,6,1101.97,"Champions"
14950,20,1,371.20,"New / Recent Customers"
14951,80,1,311.69,"Lost / Inactive"
14952,60,11,8099.49,"Loyal Customers"
14953,26,1,289.82,"New / Recent Customers"
14954,13,1,336.17,"New / Recent Customers"
14957,254,1,58.49,"Lost / Inactive"
14958,148,3,499.68,"At Risk Customers"
14959,65,4,695.42,"Loyal Customers"
14960,9,2,221.27,"New / Recent Customers"
14961,11,9,7044.68,"Champions"
14962,271,1,126.70,"Lost / Inactive"
14963,10,5,1487.80,"Champions"
14964,248,1,206.21,"Lost / Inactive"
14965,97,2,599.00,"At Risk Customers"
14966,15,1,191.32,"New / Recent Customers"
14967,50,1,463.80,"Lost / Inactive"
14968,31,1,147.59,"Lost / Inactive"
14970,69,4,1592.06,"Loyal Customers"
14971,36,3,1116.57,"Loyal Customers"
14972,129,1,114.77,"At Risk Customers"
14973,108,3,1314.45,"At Risk Customers"
14974,38,1,114.39,"Lost / Inactive"
14975,58,1,279.94,"Lost / Inactive"
14976,58,7,790.86,"Loyal Customers"
14978,73,5,1931.42,"Loyal Customers"
14981,247,1,102.12,"Lost / Inactive"
14984,20,2,213.27,"New / Recent Customers"
14985,199,2,296.75,"Lost / Inactive"
14987,16,2,326.40,"New / Recent Customers"
14988,212,1,334.54,"Lost / Inactive"
14995,39,2,233.23,"Lost / Inactive"
14997,47,3,546.20,"Loyal Customers"
14998,171,2,429.87,"At Risk Customers"
15000,48,1,490.52,"Lost / Inactive"
15002,116,4,1641.76,"At Risk Customers"
15004,148,1,1246.32,"At Risk Customers"
15005,16,28,6316.57,"Champions"
15006,52,1,502.09,"Lost / Inactive"
15007,160,1,156.91,"At Risk Customers"
15009,13,3,1261.78,"Loyal Customers"
15010,36,1,308.94,"Lost / Inactive"
15012,54,2,423.04,"Lost / Inactive"
15014,44,2,260.17,"Lost / Inactive"
15016,173,1,170.04,"At Risk Customers"
15017,34,1,125.58,"Lost / Inactive"
15018,39,3,496.21,"Loyal Customers"
15019,267,1,266.00,"Lost / Inactive"
15021,9,9,1914.82,"Champions"
15022,12,4,905.04,"Loyal Customers"
15023,4,11,6802.76,"Champions"
15024,10,10,1661.33,"Champions"
15025,34,1,377.01,"Lost / Inactive"
15026,81,3,469.00,"Loyal Customers"
15027,31,4,1066.15,"Loyal Customers"
15028,9,4,627.13,"Loyal Customers"
15030,72,2,518.28,"Lost / Inactive"
15031,5,4,668.14,"Loyal Customers"
15032,257,3,4959.10,"Lost / Inactive"
15033,5,10,2586.67,"Champions"
15034,16,8,4308.61,"Champions"
15035,90,1,252.73,"Lost / Inactive"
15036,73,3,465.55,"Loyal Customers"
15038,59,6,705.49,"Loyal Customers"
15039,10,47,19914.44,"Champions"
15041,171,1,180.35,"At Risk Customers"
15042,200,1,135.93,"Lost / Inactive"
15043,32,1,537.00,"Lost / Inactive"
15044,20,17,7700.23,"Champions"
15045,152,2,735.66,"At Risk Customers"
15046,10,15,5213.77,"Champions"
15047,270,1,343.62,"Lost / Inactive"
15048,66,4,384.05,"Loyal Customers"
15049,274,1,121.17,"Lost / Inactive"
15050,26,3,1782.09,"Loyal Customers"
15051,24,3,1391.61,"Loyal Customers"
15052,320,1,215.78,"Lost / Inactive"
15053,5,3,697.79,"Loyal Customers"
15054,13,2,302.10,"New / Recent Customers"
15057,276,2,1489.50,"Lost / Inactive"
15058,26,11,2124.99,"Champions"
15059,41,9,1337.72,"Loyal Customers"
15060,9,4,303.09,"Loyal Customers"
15061,4,48,54534.14,"Champions"
15062,72,4,987.86,"Loyal Customers"
15063,214,1,370.80,"Lost / Inactive"
15065,38,4,3158.13,"Loyal Customers"
15066,54,1,893.59,"Lost / Inactive"
15067,79,3,1744.76,"Loyal Customers"
15068,47,2,553.36,"Lost / Inactive"
15069,180,1,1109.53,"At Risk Customers"
15070,373,1,106.20,"Lost / Inactive"
15071,94,2,982.07,"At Risk Customers"
15073,10,3,1043.41,"Loyal Customers"
15074,106,1,748.87,"At Risk Customers"
15075,78,1,773.03,"Lost / Inactive"
15076,173,1,880.85,"At Risk Customers"
15078,8,32,9743.11,"Champions"
15079,213,4,895.61,"Lost / Inactive"
15081,23,5,504.80,"Champions"
15083,257,1,88.20,"Lost / Inactive"
15087,282,1,306.94,"Lost / Inactive"
15088,22,2,1160.07,"New / Recent Customers"
15089,11,6,2420.84,"Champions"
15090,309,1,381.32,"Lost / Inactive"
15091,68,1,480.71,"Lost / Inactive"
15092,216,2,457.81,"Lost / Inactive"
15093,19,6,4597.02,"Champions"
15095,104,4,1370.60,"At Risk Customers"
15096,43,1,219.39,"Lost / Inactive"
15097,5,1,248.08,"New / Recent Customers"
15098,183,3,39916.50,"Lost / Inactive"
15099,85,1,410.48,"Lost / Inactive"
15100,334,3,876.00,"Lost / Inactive"
15101,9,2,317.53,"New / Recent Customers"
15103,32,2,703.36,"Lost / Inactive"
15104,197,2,1027.44,"Lost / Inactive"
15105,19,7,2298.93,"Champions"
15106,18,5,1422.52,"Champions"
15107,312,6,319.50,"Lost / Inactive"
15108,142,4,1300.25,"At Risk Customers"
15109,246,1,484.95,"Lost / Inactive"
15110,24,4,996.10,"Loyal Customers"
15111,30,3,1567.48,"Loyal Customers"
15113,10,3,3609.33,"Loyal Customers"
15114,31,10,2760.56,"Loyal Customers"
15115,19,1,340.11,"New / Recent Customers"
15116,18,4,1352.75,"Loyal Customers"
15117,15,5,1551.78,"Champions"
15118,135,1,244.80,"At Risk Customers"
15119,246,1,266.40,"Lost / Inactive"
15120,134,1,358.82,"At Risk Customers"
15121,51,2,457.72,"Lost / Inactive"
15122,115,3,1633.78,"At Risk Customers"
15123,8,2,2199.31,"New / Recent Customers"
15124,23,2,184.19,"New / Recent Customers"
15125,26,15,11528.48,"Champions"
15127,66,1,406.53,"Lost / Inactive"
15128,61,4,1471.00,"Loyal Customers"
15129,51,11,3447.40,"Loyal Customers"
15130,170,1,330.11,"At Risk Customers"
15132,19,5,977.93,"Champions"
15133,128,3,982.42,"At Risk Customers"
15134,15,8,1387.99,"Champions"
15135,240,1,139.05,"Lost / Inactive"
15136,3,4,1286.70,"Loyal Customers"
15139,240,2,178.96,"Lost / Inactive"
15140,53,7,2354.25,"Loyal Customers"
15142,47,1,498.74,"Lost / Inactive"
15143,226,1,259.45,"Lost / Inactive"
15144,9,17,6580.44,"Champions"
15145,5,4,1194.73,"Loyal Customers"
15146,165,2,1327.16,"At Risk Customers"
15147,241,1,623.50,"Lost / Inactive"
15148,11,1,301.29,"New / Recent Customers"
15149,134,1,520.80,"At Risk Customers"
15150,18,10,5314.47,"Champions"
15152,10,13,4745.69,"Champions"
15153,32,1,329.25,"Lost / Inactive"
15154,76,1,296.42,"Lost / Inactive"
15156,2,3,961.49,"Loyal Customers"
15157,4,3,1936.07,"Loyal Customers"
15158,46,1,401.40,"Lost / Inactive"
15159,2,30,18641.01,"Champions"
15160,358,1,158.16,"Lost / Inactive"
15163,19,2,304.47,"New / Recent Customers"
15164,69,3,843.05,"Loyal Customers"
15165,374,1,487.75,"Lost / Inactive"
15167,321,1,163.00,"Lost / Inactive"
15168,26,1,106.56,"New / Recent Customers"
15171,332,1,1289.50,"Lost / Inactive"
15172,9,5,1624.05,"Champions"
15174,323,1,135.75,"Lost / Inactive"
15175,72,1,224.14,"Lost / Inactive"
15178,261,1,40.50,"Lost / Inactive"
15179,19,5,2206.95,"Champions"
15180,368,1,87.50,"Lost / Inactive"
15181,67,3,689.48,"Loyal Customers"
15182,155,2,622.85,"At Risk Customers"
15184,30,2,406.76,"New / Recent Customers"
15185,71,1,310.62,"Lost / Inactive"
15186,15,2,411.41,"New / Recent Customers"
15187,2,16,4777.18,"Champions"
15189,2,41,16225.39,"Champions"
15192,120,3,1044.32,"At Risk Customers"
15193,61,1,499.32,"Lost / Inactive"
15194,4,15,7616.53,"Champions"
15195,3,1,3861.00,"New / Recent Customers"
15197,11,3,1079.61,"Loyal Customers"
15198,93,2,193.64,"At Risk Customers"
15199,60,4,1268.70,"Loyal Customers"
15201,88,5,1236.54,"Loyal Customers"
15203,26,6,1827.80,"Champions"
15204,358,1,316.58,"Lost / Inactive"
15205,86,2,653.24,"Lost / Inactive"
15206,11,4,420.30,"Loyal Customers"
15208,2,5,870.12,"Champions"
15210,226,1,331.18,"Lost / Inactive"
15211,61,2,894.41,"Lost / Inactive"
15212,242,1,101.80,"Lost / Inactive"
15213,319,2,328.35,"Lost / Inactive"
15214,2,8,1661.44,"Champions"
15215,47,3,734.94,"Loyal Customers"
15216,88,1,96.60,"Lost / Inactive"
15218,11,11,5756.89,"Champions"
15219,177,1,305.75,"At Risk Customers"
15220,52,6,1778.96,"Loyal Customers"
15221,367,1,403.25,"Lost / Inactive"
15222,319,1,585.00,"Lost / Inactive"
15223,226,2,755.75,"Lost / Inactive"
15224,359,2,322.08,"Lost / Inactive"
15225,235,1,409.40,"Lost / Inactive"
15226,311,1,154.41,"Lost / Inactive"
15227,37,5,1219.40,"Loyal Customers"
15228,67,4,3386.71,"Loyal Customers"
15230,240,2,429.60,"Lost / Inactive"
15232,114,2,612.06,"At Risk Customers"
15234,277,1,197.00,"Lost / Inactive"
15235,218,12,2247.51,"Lost / Inactive"
15236,299,1,321.05,"Lost / Inactive"
15237,2,4,1412.32,"Loyal Customers"
15238,30,3,1071.99,"Loyal Customers"
15239,11,2,780.59,"New / Recent Customers"
15240,45,5,1706.57,"Loyal Customers"
15241,67,8,1756.44,"Loyal Customers"
15243,75,1,316.68,"Lost / Inactive"
15244,66,2,631.57,"Lost / Inactive"
15245,135,3,2515.84,"At Risk Customers"
15246,239,2,514.15,"Lost / Inactive"
15247,123,1,356.00,"At Risk Customers"
15249,32,13,6688.46,"Loyal Customers"
15251,10,11,10484.99,"Champions"
15252,37,2,740.78,"Lost / Inactive"
15253,17,5,918.20,"Champions"
15254,128,1,300.36,"At Risk Customers"
15255,67,1,890.85,"Lost / Inactive"
15256,149,1,98.45,"At Risk Customers"
15257,284,1,317.15,"Lost / Inactive"
15258,169,2,623.16,"At Risk Customers"
15260,101,7,1810.77,"At Risk Customers"
15261,136,1,254.82,"At Risk Customers"
15262,324,1,178.95,"Lost / Inactive"
15263,107,1,156.51,"At Risk Customers"
15264,65,1,393.74,"Lost / Inactive"
15265,152,2,1506.12,"At Risk Customers"
15266,339,1,119.30,"Lost / Inactive"
15267,23,5,1717.36,"Champions"
15269,24,1,408.80,"New / Recent Customers"
15270,16,7,2379.49,"Champions"
15271,8,15,2507.07,"Champions"
15272,58,2,721.94,"Lost / Inactive"
15274,5,2,716.57,"New / Recent Customers"
15275,38,1,615.14,"Lost / Inactive"
15276,67,1,135.31,"Lost / Inactive"
15277,47,1,255.90,"Lost / Inactive"
15279,355,1,290.51,"Lost / Inactive"
15280,173,1,113.12,"At Risk Customers"
15281,59,9,2332.15,"Loyal Customers"
15286,50,1,240.55,"Lost / Inactive"
15287,23,2,486.69,"New / Recent Customers"
15288,44,5,2306.52,"Loyal Customers"
15289,30,3,939.78,"Loyal Customers"
15290,5,18,7943.22,"Champions"
15291,26,15,4668.30,"Champions"
15292,202,1,180.94,"Lost / Inactive"
15296,51,6,3672.86,"Loyal Customers"
15297,11,3,641.94,"Loyal Customers"
15298,3,12,4799.90,"Champions"
15299,68,7,4507.01,"Loyal Customers"
15300,65,1,496.44,"Lost / Inactive"
15301,51,12,5070.35,"Loyal Customers"
15303,291,1,574.02,"Lost / Inactive"
15304,61,8,694.40,"Loyal Customers"
15306,65,3,1174.35,"Loyal Customers"
15307,96,1,205.30,"At Risk Customers"
15308,275,1,310.47,"Lost / Inactive"
15311,1,91,60767.90,"Champions"
15312,76,4,924.85,"Loyal Customers"
15313,111,1,52.00,"At Risk Customers"
15314,200,1,327.97,"Lost / Inactive"
15315,65,2,570.50,"Lost / Inactive"
15316,327,1,165.00,"Lost / Inactive"
15318,4,1,312.62,"New / Recent Customers"
15319,284,1,204.50,"Lost / Inactive"
15320,45,1,267.13,"Lost / Inactive"
15321,71,3,2748.31,"Loyal Customers"
15322,86,1,679.68,"Lost / Inactive"
15325,104,1,162.29,"At Risk Customers"
15326,334,1,311.71,"Lost / Inactive"
15327,53,1,208.75,"Lost / Inactive"
15329,40,3,1049.70,"Loyal Customers"
15330,33,2,714.96,"Lost / Inactive"
15332,367,4,1661.06,"Lost / Inactive"
15333,209,1,1028.56,"Lost / Inactive"
15334,157,3,351.67,"At Risk Customers"
15335,54,1,173.97,"Lost / Inactive"
15339,67,2,574.07,"Lost / Inactive"
15341,81,1,2020.52,"Lost / Inactive"
15342,130,1,406.09,"At Risk Customers"
15343,88,1,364.50,"Lost / Inactive"
15344,1,3,563.94,"Loyal Customers"
15345,46,1,393.54,"Lost / Inactive"
15346,333,1,252.42,"Lost / Inactive"
15347,367,1,201.60,"Lost / Inactive"
15348,73,1,158.04,"Lost / Inactive"
15349,159,2,473.81,"At Risk Customers"
15350,374,1,115.65,"Lost / Inactive"
15351,13,7,1960.11,"Champions"
15353,255,2,777.02,"Lost / Inactive"
15355,30,2,277.05,"New / Recent Customers"
15356,32,10,2766.50,"Loyal Customers"
15358,5,22,8347.20,"Champions"
15360,40,1,427.93,"Lost / Inactive"
15361,362,1,418.92,"Lost / Inactive"
15363,373,1,326.00,"Lost / Inactive"
15364,96,2,913.19,"At Risk Customers"
15365,26,7,2314.32,"Champions"
15366,76,2,602.51,"Lost / Inactive"
15367,58,4,1877.59,"Loyal Customers"
15368,22,1,446.94,"New / Recent Customers"
15370,41,7,2386.05,"Loyal Customers"
15372,138,1,2007.40,"At Risk Customers"
15373,9,12,2415.91,"Champions"
15374,129,1,168.00,"At Risk Customers"
15376,41,3,1233.36,"Loyal Customers"
15379,170,7,3703.29,"At Risk Customers"
15380,9,5,1690.26,"Champions"
15381,214,2,596.85,"Lost / Inactive"
15382,15,6,5955.71,"Champions"
15384,170,2,642.41,"At Risk Customers"
15385,41,1,316.88,"Lost / Inactive"
15386,187,1,394.14,"Lost / Inactive"
15388,271,1,140.54,"Lost / Inactive"
15389,173,1,500.00,"At Risk Customers"
15392,5,4,1535.53,"Loyal Customers"
15393,17,2,231.86,"New / Recent Customers"
15394,10,4,2183.54,"Loyal Customers"
15395,326,1,107.45,"Lost / Inactive"
15396,113,1,288.18,"At Risk Customers"
15397,290,1,94.00,"Lost / Inactive"
15398,17,2,1345.53,"New / Recent Customers"
15399,2,3,815.77,"Loyal Customers"
15400,93,5,716.20,"At Risk Customers"
15402,149,2,626.77,"At Risk Customers"
15405,190,1,349.10,"Lost / Inactive"
15406,32,2,510.71,"Lost / Inactive"
15407,34,4,1056.44,"Loyal Customers"
15408,265,1,267.18,"Lost / Inactive"
15410,85,8,3450.84,"Loyal Customers"
15411,27,4,1358.88,"Loyal Customers"
15412,172,1,190.53,"At Risk Customers"
15414,10,3,774.90,"Loyal Customers"
15415,314,1,572.81,"Lost / Inactive"
15416,65,4,3984.32,"Loyal Customers"
15417,86,1,508.80,"Lost / Inactive"
15419,25,1,135.86,"New / Recent Customers"
15421,59,4,950.36,"Loyal Customers"
15422,324,2,97.70,"Lost / Inactive"
15423,39,1,43.50,"Lost / Inactive"
15424,255,2,383.34,"Lost / Inactive"
15426,20,5,1447.39,"Champions"
15427,34,3,1483.14,"Loyal Customers"
15428,16,1,93.78,"New / Recent Customers"
15429,27,2,397.35,"New / Recent Customers"
15432,24,1,171.19,"New / Recent Customers"
15433,214,2,533.30,"Lost / Inactive"
15434,9,5,1041.48,"Champions"
15435,23,1,149.29,"New / Recent Customers"
15436,13,3,1122.53,"Loyal Customers"
15437,263,1,200.16,"Lost / Inactive"
15438,132,1,156.58,"At Risk Customers"
15440,55,3,383.68,"Loyal Customers"
15442,249,1,594.00,"Lost / Inactive"
15443,2,7,3236.91,"Champions"
15444,10,2,1418.26,"New / Recent Customers"
15445,265,1,113.50,"Lost / Inactive"
15447,331,1,155.17,"Lost / Inactive"
15448,313,1,494.64,"Lost / Inactive"
15449,27,3,974.52,"Loyal Customers"
15450,31,1,429.84,"Lost / Inactive"
15452,30,3,538.73,"Loyal Customers"
15453,2,7,1388.37,"Champions"
15454,363,1,179.10,"Lost / Inactive"
15456,284,3,447.22,"Lost / Inactive"
15457,263,1,237.07,"Lost / Inactive"
15458,26,1,161.64,"New / Recent Customers"
15460,355,1,216.76,"Lost / Inactive"
15462,95,3,234.60,"At Risk Customers"
15463,30,1,126.14,"New / Recent Customers"
15464,339,1,1048.85,"Lost / Inactive"
15465,20,18,7354.62,"Champions"
15466,86,1,334.53,"Lost / Inactive"
15467,10,3,524.88,"Loyal Customers"
15468,52,2,467.51,"Lost / Inactive"
15469,51,2,538.55,"Lost / Inactive"
15471,3,1,469.48,"New / Recent Customers"
15472,114,1,371.56,"At Risk Customers"
15473,15,7,1771.20,"Champions"
15475,78,1,454.11,"Lost / Inactive"
15478,41,2,1441.42,"Lost / Inactive"
15480,117,1,905.50,"At Risk Customers"
15482,16,12,11054.96,"Champions"
15483,162,4,233.81,"At Risk Customers"
15484,2,4,3594.31,"Loyal Customers"
15485,31,3,2575.00,"Loyal Customers"
15488,93,1,91.32,"At Risk Customers"
15489,23,3,1134.28,"Loyal Customers"
15491,96,6,3100.09,"At Risk Customers"
15492,29,2,659.46,"New / Recent Customers"
15493,33,5,2001.80,"Loyal Customers"
15494,22,2,1299.23,"New / Recent Customers"
15497,18,2,1262.20,"New / Recent Customers"
15498,3,27,13316.40,"Champions"
15500,9,4,1131.56,"Loyal Customers"
15502,16,12,10384.93,"Champions"
15503,363,1,147.09,"Lost / Inactive"
15504,82,1,52.83,"Lost / Inactive"
15505,53,5,3610.96,"Loyal Customers"
15506,23,3,979.26,"Loyal Customers"
15507,172,1,492.36,"At Risk Customers"
15508,190,6,1000.27,"Lost / Inactive"
15510,331,1,250.00,"Lost / Inactive"
15511,12,5,909.23,"Champions"
15512,156,2,121.00,"At Risk Customers"
15513,34,19,14758.22,"Loyal Customers"
15514,13,11,4139.46,"Champions"
15516,45,3,62.43,"Loyal Customers"
15517,234,1,267.03,"Lost / Inactive"
15518,65,8,1942.45,"Loyal Customers"
15520,2,1,343.50,"New / Recent Customers"
15521,41,8,3000.20,"Loyal Customers"
15522,33,2,398.84,"Lost / Inactive"
15523,85,1,412.01,"Lost / Inactive"
15524,25,1,440.00,"New / Recent Customers"
15525,3,3,825.92,"Loyal Customers"
15526,34,2,148.44,"Lost / Inactive"
15527,19,8,2429.78,"Champions"
15528,255,1,229.33,"Lost / Inactive"
15529,23,11,3995.23,"Champions"
15530,22,4,1502.35,"Loyal Customers"
15531,9,2,2007.44,"New / Recent Customers"
15532,26,4,1580.93,"Loyal Customers"
15533,20,3,807.57,"Loyal Customers"
15535,174,4,536.40,"At Risk Customers"
15537,164,1,110.92,"At Risk Customers"
15539,8,1,538.46,"New / Recent Customers"
15540,12,1,213.30,"New / Recent Customers"
15541,115,1,85.13,"At Risk Customers"
15543,289,1,127.86,"Lost / Inactive"
15544,10,9,3546.71,"Champions"
15545,55,2,292.72,"Lost / Inactive"
15547,8,14,4954.84,"Champions"
15549,78,3,1693.26,"Loyal Customers"
15550,5,4,575.63,"Loyal Customers"
15551,37,1,436.06,"Lost / Inactive"
15552,218,1,90.12,"Lost / Inactive"
15553,61,1,437.23,"Lost / Inactive"
15554,278,1,217.20,"Lost / Inactive"
15555,13,16,4805.17,"Champions"
15556,25,1,279.77,"New / Recent Customers"
15557,29,1,473.65,"New / Recent Customers"
15561,12,4,800.59,"Loyal Customers"
15562,352,1,134.55,"Lost / Inactive"
15563,23,4,1400.44,"Loyal Customers"
15565,51,2,173.16,"Lost / Inactive"
15567,19,1,186.01,"New / Recent Customers"
15568,3,3,758.29,"Loyal Customers"
15569,104,5,1375.71,"At Risk Customers"
15570,8,12,4165.52,"Champions"
15571,12,4,650.43,"Loyal Customers"
15572,5,7,2552.86,"Champions"
15573,32,2,607.45,"Lost / Inactive"
15574,178,4,702.25,"At Risk Customers"
15576,38,1,940.67,"Lost / Inactive"
15577,152,3,258.88,"At Risk Customers"
15578,163,1,127.10,"At Risk Customers"
15579,69,2,348.60,"Lost / Inactive"
15581,121,13,3679.97,"At Risk Customers"
15582,25,3,682.91,"Loyal Customers"
15584,24,4,725.11,"Loyal Customers"
15585,177,1,455.30,"At Risk Customers"
15587,51,4,913.68,"Loyal Customers"
15589,256,3,478.53,"Lost / Inactive"
15592,47,1,388.58,"Lost / Inactive"
15593,71,1,199.80,"Lost / Inactive"
15594,16,5,1771.78,"Champions"
15596,101,5,1406.59,"At Risk Customers"
15597,36,1,324.57,"Lost / Inactive"
15598,54,1,240.68,"Lost / Inactive"
15599,27,2,761.74,"New / Recent Customers"
15601,12,14,6776.56,"Champions"
15602,9,9,1297.87,"Champions"
15603,79,1,48.48,"Lost / Inactive"
15604,53,1,216.39,"Lost / Inactive"
15605,37,5,1198.23,"Loyal Customers"
15606,62,9,2920.16,"Loyal Customers"
15607,337,1,104.76,"Lost / Inactive"
15608,29,4,1093.68,"Loyal Customers"
15609,185,1,298.48,"Lost / Inactive"
15610,52,1,112.46,"Lost / Inactive"
15611,10,13,1591.45,"Champions"
15612,37,2,195.15,"Lost / Inactive"
15615,11,23,10399.74,"Champions"
15618,33,4,776.85,"Loyal Customers"
15619,11,1,336.40,"New / Recent Customers"
15620,57,3,1553.18,"Loyal Customers"
15621,5,4,1293.03,"Loyal Customers"
15622,44,9,3709.56,"Loyal Customers"
15623,142,1,301.03,"At Risk Customers"
15624,117,4,588.13,"At Risk Customers"
15625,104,4,1534.26,"At Risk Customers"
15626,75,2,675.80,"Lost / Inactive"
15628,5,9,2870.24,"Champions"
15630,46,2,1186.35,"Lost / Inactive"
15632,16,8,3285.31,"Champions"
15634,18,1,243.55,"New / Recent Customers"
15636,90,2,724.76,"Lost / Inactive"
15637,53,1,223.36,"Lost / Inactive"
15639,135,1,425.32,"At Risk Customers"
15640,5,15,12515.66,"Champions"
15641,106,4,1887.20,"At Risk Customers"
15643,192,3,664.00,"Lost / Inactive"
15644,167,4,813.00,"At Risk Customers"
15645,19,1,612.01,"New / Recent Customers"
15646,158,3,447.64,"At Risk Customers"
15648,205,2,657.35,"Lost / Inactive"
15649,337,2,816.00,"Lost / Inactive"
15651,37,3,646.30,"Loyal Customers"
15652,92,1,337.74,"At Risk Customers"
15653,93,2,877.44,"At Risk Customers"
15654,10,2,922.53,"New / Recent Customers"
15655,244,1,560.67,"Lost / Inactive"
15656,46,4,748.50,"Loyal Customers"
15657,23,1,30.00,"New / Recent Customers"
15658,191,5,1024.10,"Lost / Inactive"
15659,44,1,306.45,"Lost / Inactive"
15660,26,9,1600.86,"Champions"
15661,318,2,309.80,"Lost / Inactive"
15663,107,1,138.14,"At Risk Customers"
15664,51,1,386.43,"Lost / Inactive"
15665,169,2,2242.01,"At Risk Customers"
15667,40,1,301.32,"Lost / Inactive"
15668,218,1,76.32,"Lost / Inactive"
15669,41,4,684.34,"Loyal Customers"
15670,297,1,173.05,"Lost / Inactive"
15671,19,7,2657.13,"Champions"
15673,89,4,2881.02,"Loyal Customers"
15674,74,5,2446.60,"Loyal Customers"
15675,82,3,323.69,"Loyal Customers"
15676,19,3,3435.76,"Loyal Customers"
15677,50,1,657.23,"Lost / Inactive"
15678,53,1,352.70,"Lost / Inactive"
15679,25,4,781.28,"Loyal Customers"
15680,10,3,1333.68,"Loyal Customers"
15681,26,5,1426.16,"Champions"
15683,118,1,193.75,"At Risk Customers"
15687,9,9,2993.10,"Champions"
15689,120,2,254.10,"At Risk Customers"
15690,5,2,239.76,"New / Recent Customers"
15691,253,1,136.80,"Lost / Inactive"
15692,29,1,191.04,"New / Recent Customers"
15694,1,14,6479.40,"Champions"
15695,267,2,409.98,"Lost / Inactive"
15696,34,8,2736.46,"Loyal Customers"
15699,18,1,309.65,"New / Recent Customers"
15700,173,2,696.68,"At Risk Customers"
15701,3,4,1542.14,"Loyal Customers"
15703,265,1,211.50,"Lost / Inactive"
15704,141,4,2293.62,"At Risk Customers"
15705,202,1,143.10,"Lost / Inactive"
15706,64,4,1060.56,"Loyal Customers"
15707,36,4,945.58,"Loyal Customers"
15708,41,7,3364.24,"Loyal Customers"
15709,284,1,133.25,"Lost / Inactive"
15712,10,5,1072.36,"Champions"
15713,144,2,356.70,"At Risk Customers"
15714,12,2,330.88,"New / Recent Customers"
15716,146,4,1118.81,"At Risk Customers"
15717,235,1,150.30,"Lost / Inactive"
15719,33,13,5045.61,"Loyal Customers"
15720,25,1,598.73,"New / Recent Customers"
15721,12,1,507.08,"New / Recent Customers"
15722,36,5,2222.56,"Loyal Customers"
15723,365,1,203.10,"Lost / Inactive"
15724,202,2,218.25,"Lost / Inactive"
15725,16,1,415.25,"New / Recent Customers"
15727,17,7,5178.96,"Champions"
15729,213,1,85.00,"Lost / Inactive"
15730,66,3,1120.88,"Loyal Customers"
15732,213,2,294.12,"Lost / Inactive"
15733,283,1,162.30,"Lost / Inactive"
15734,115,2,1339.45,"At Risk Customers"
15737,15,8,1205.12,"Champions"
15738,19,16,4812.42,"Champions"
15739,67,1,449.12,"Lost / Inactive"
15740,50,1,154.88,"Lost / Inactive"
15743,17,4,784.46,"Loyal Customers"
15744,78,1,34.80,"Lost / Inactive"
15745,20,4,1094.59,"Loyal Customers"
15746,135,1,196.88,"At Risk Customers"
15747,13,3,974.04,"Loyal Customers"
15748,41,1,149.31,"Lost / Inactive"
15749,236,3,44534.30,"Lost / Inactive"
15750,3,8,2465.48,"Champions"
15752,40,7,2637.38,"Loyal Customers"
15753,305,1,79.20,"Lost / Inactive"
15754,52,3,458.57,"Loyal Customers"
15755,11,6,2364.25,"Champions"
15756,62,4,532.96,"Loyal Customers"
15757,66,2,714.42,"Lost / Inactive"
15758,25,1,205.25,"New / Recent Customers"
15759,219,3,253.04,"Lost / Inactive"
15762,66,2,583.75,"Lost / Inactive"
15763,32,2,1086.92,"Lost / Inactive"
15764,89,6,3279.97,"Loyal Customers"
15766,65,1,315.06,"Lost / Inactive"
15768,116,3,621.83,"At Risk Customers"
15769,8,26,56252.72,"Champions"
15773,6,1,635.68,"New / Recent Customers"
15774,69,1,270.80,"Lost / Inactive"
15775,246,1,104.90,"Lost / Inactive"
15776,134,1,241.62,"At Risk Customers"
15777,242,4,1047.11,"Lost / Inactive"
15780,184,3,475.28,"Lost / Inactive"
15781,26,3,345.46,"Loyal Customers"
15782,10,3,2614.74,"Loyal Customers"
15783,11,1,246.30,"New / Recent Customers"
15785,33,5,2328.97,"Loyal Customers"
15786,47,3,4932.20,"Loyal Customers"
15787,27,3,948.05,"Loyal Customers"
15789,359,1,351.30,"Lost / Inactive"
15790,11,1,220.85,"New / Recent Customers"
15791,44,2,1612.69,"Lost / Inactive"
15793,15,3,965.61,"Loyal Customers"
15795,150,1,610.01,"At Risk Customers"
15796,2,8,2711.56,"Champions"
15797,114,4,2207.40,"At Risk Customers"
15799,76,3,884.14,"Loyal Customers"
15800,108,2,699.08,"At Risk Customers"
15801,47,3,1063.95,"Loyal Customers"
15802,143,1,451.42,"At Risk Customers"
15803,52,1,415.82,"Lost / Inactive"
15804,1,13,4206.39,"Champions"
15805,24,17,5528.48,"Champions"
15806,47,3,784.58,"Loyal Customers"
15807,51,3,903.90,"Loyal Customers"
15808,307,4,3734.97,"Lost / Inactive"
15809,37,5,515.77,"Loyal Customers"
15810,79,4,1391.98,"Loyal Customers"
15811,23,6,2218.62,"Champions"
15812,108,5,1801.14,"At Risk Customers"
15813,208,2,1303.91,"Lost / Inactive"
15814,17,4,1945.33,"Loyal Customers"
15815,64,5,2100.60,"Loyal Customers"
15819,50,4,1905.45,"Loyal Customers"
15820,320,1,206.98,"Lost / Inactive"
15821,45,2,570.96,"Lost / Inactive"
15822,4,2,885.47,"New / Recent Customers"
15823,373,1,15.00,"Lost / Inactive"
15825,173,1,532.94,"At Risk Customers"
15826,57,3,1654.31,"Loyal Customers"
15827,74,14,1836.09,"Loyal Customers"
15829,100,2,636.14,"At Risk Customers"
15830,38,1,576.00,"Lost / Inactive"
15831,59,3,801.76,"Loyal Customers"
15832,255,1,836.79,"Lost / Inactive"
15834,71,4,2233.75,"Loyal Customers"
15835,45,4,954.09,"Loyal Customers"
15836,51,1,137.37,"Lost / Inactive"
15837,65,1,391.98,"Lost / Inactive"
15838,12,19,33643.08,"Champions"
15839,34,3,1048.49,"Loyal Customers"
15840,59,2,355.56,"Lost / Inactive"
15841,73,4,1224.06,"Loyal Customers"
15843,304,1,118.95,"Lost / Inactive"
15844,47,1,130.74,"Lost / Inactive"
15845,18,8,3711.77,"Champions"
15847,39,2,389.27,"Lost / Inactive"
15850,20,2,238.85,"New / Recent Customers"
15852,187,2,160.71,"Lost / Inactive"
15853,52,1,110.80,"Lost / Inactive"
15854,5,12,2974.65,"Champions"
15855,137,5,712.24,"At Risk Customers"
15856,5,27,16387.57,"Champions"
15857,19,1,297.00,"New / Recent Customers"
15858,16,5,1438.85,"Champions"
15860,41,8,977.21,"Loyal Customers"
15861,13,8,3165.36,"Champions"
15862,9,4,832.88,"Loyal Customers"
15863,26,2,68.84,"New / Recent Customers"
15864,23,6,1936.32,"Champions"
15865,41,3,895.13,"Loyal Customers"
15866,102,1,230.53,"At Risk Customers"
15867,6,15,3812.64,"Champions"
15869,278,2,149.64,"Lost / Inactive"
15870,33,1,354.09,"Lost / Inactive"
15872,15,2,360.93,"New / Recent Customers"
15874,64,7,4405.88,"Loyal Customers"
15877,2,2,493.28,"New / Recent Customers"
15880,370,1,343.28,"Lost / Inactive"
15881,313,5,501.39,"Lost / Inactive"
15882,199,4,516.36,"Lost / Inactive"
15883,3,2,396.48,"New / Recent Customers"
15885,93,3,379.35,"At Risk Customers"
15886,61,1,181.09,"Lost / Inactive"
15888,81,1,168.31,"Lost / Inactive"
15889,157,2,446.87,"At Risk Customers"
15891,227,1,524.52,"Lost / Inactive"
15894,254,2,263.55,"Lost / Inactive"
15895,150,1,179.17,"At Risk Customers"
15897,195,2,222.05,"Lost / Inactive"
15898,2,5,1388.88,"Champions"
15899,369,1,56.25,"Lost / Inactive"
15900,24,1,351.11,"New / Recent Customers"
15901,17,3,363.88,"Loyal Customers"
15903,10,7,5126.76,"Champions"
15904,9,1,164.68,"New / Recent Customers"
15906,20,7,1567.69,"Champions"
15907,4,3,967.45,"Loyal Customers"
15909,174,1,191.94,"At Risk Customers"
15910,1,8,1232.18,"Champions"
15912,179,2,264.62,"At Risk Customers"
15916,17,8,1528.09,"Champions"
15917,248,1,123.10,"Lost / Inactive"
15918,191,2,334.23,"Lost / Inactive"
15919,20,2,639.89,"New / Recent Customers"
15920,155,4,167.50,"At Risk Customers"
15921,173,1,336.03,"At Risk Customers"
15922,374,1,369.50,"Lost / Inactive"
15923,373,1,127.08,"Lost / Inactive"
15925,195,1,207.15,"Lost / Inactive"
15930,68,1,426.63,"Lost / Inactive"
15932,5,8,2495.87,"Champions"
15933,22,3,1107.46,"Loyal Customers"
15935,240,2,416.86,"Lost / Inactive"
15937,65,1,145.35,"Lost / Inactive"
15938,113,5,404.58,"At Risk Customers"
15939,90,15,6115.01,"Loyal Customers"
15940,312,1,35.80,"Lost / Inactive"
15942,134,1,337.44,"At Risk Customers"
15944,277,1,325.10,"Lost / Inactive"
15945,366,1,181.00,"Lost / Inactive"
15947,83,1,1708.24,"Lost / Inactive"
15948,9,2,955.24,"New / Recent Customers"
15949,17,2,364.72,"New / Recent Customers"
15950,32,4,1765.51,"Loyal Customers"
15951,9,2,708.22,"New / Recent Customers"
15952,34,4,806.57,"Loyal Customers"
15953,16,8,1659.38,"Champions"
15955,25,14,4416.26,"Champions"
15957,32,1,428.89,"Lost / Inactive"
15958,75,1,104.35,"Lost / Inactive"
15963,20,2,470.76,"New / Recent Customers"
15965,18,4,845.64,"Loyal Customers"
15967,24,2,418.83,"New / Recent Customers"
15969,3,3,666.10,"Loyal Customers"
15970,304,1,314.10,"Lost / Inactive"
15971,18,12,4199.85,"Champions"
15973,367,1,307.82,"Lost / Inactive"
15974,40,7,3442.15,"Loyal Customers"
15975,85,1,371.01,"Lost / Inactive"
15976,166,2,430.94,"At Risk Customers"
15977,18,2,1054.73,"New / Recent Customers"
15978,78,1,1098.78,"Lost / Inactive"
15980,89,3,2398.86,"Loyal Customers"
15981,25,8,3408.48,"Champions"
15983,23,4,1475.02,"Loyal Customers"
15984,3,10,2837.67,"Champions"
15985,124,2,1142.42,"At Risk Customers"
15986,31,1,168.12,"Lost / Inactive"
15987,13,7,1451.28,"Champions"
15988,20,1,158.03,"New / Recent Customers"
15990,45,2,792.11,"Lost / Inactive"
15992,4,1,41.99,"New / Recent Customers"
15993,9,7,2797.57,"Champions"
15994,55,1,427.07,"Lost / Inactive"
15996,89,6,1060.68,"Loyal Customers"
15998,37,5,3089.97,"Loyal Customers"
16000,3,3,12393.70,"Loyal Customers"
16003,30,5,2735.37,"Champions"
16005,13,4,615.39,"Loyal Customers"
16006,212,1,101.40,"Lost / Inactive"
16007,48,4,1701.94,"Loyal Customers"
16008,24,3,478.78,"Loyal Customers"
16009,23,4,992.71,"Loyal Customers"
16010,246,3,407.50,"Lost / Inactive"
16011,9,16,3362.71,"Champions"
16012,36,3,1415.29,"Loyal Customers"
16013,4,47,37130.60,"Champions"
16014,38,3,662.38,"Loyal Customers"
16015,4,3,705.39,"Loyal Customers"
16016,4,8,1508.76,"Champions"
16017,48,1,211.88,"Lost / Inactive"
16018,40,2,408.90,"Lost / Inactive"
16019,47,9,3786.24,"Loyal Customers"
16020,17,3,851.01,"Loyal Customers"
16022,261,1,628.28,"Lost / Inactive"
16023,47,3,719.81,"Loyal Customers"
16024,13,1,251.24,"New / Recent Customers"
16025,30,1,439.66,"New / Recent Customers"
16026,44,1,236.09,"Lost / Inactive"
16027,92,6,934.62,"At Risk Customers"
16029,39,63,81024.84,"Loyal Customers"
16030,310,1,331.24,"Lost / Inactive"
16031,93,2,548.94,"At Risk Customers"
16033,6,20,8816.40,"Champions"
16034,197,3,437.70,"Lost / Inactive"
16036,88,2,758.92,"Lost / Inactive"
16037,270,3,855.02,"Lost / Inactive"
16038,8,3,471.78,"Loyal Customers"
16040,66,3,1313.55,"Loyal Customers"
16041,31,3,3166.40,"Loyal Customers"
16042,23,5,1197.27,"Champions"
16043,38,4,773.99,"Loyal Customers"
16045,120,4,1340.70,"At Risk Customers"
16048,374,2,256.44,"Lost / Inactive"
16049,41,3,1111.79,"Loyal Customers"
16050,174,1,137.90,"At Risk Customers"
16052,55,1,362.06,"Lost / Inactive"
16053,33,2,1511.95,"Lost / Inactive"
16054,146,1,783.90,"At Risk Customers"
16055,221,1,134.80,"Lost / Inactive"
16056,46,1,664.85,"Lost / Inactive"
16057,17,7,2263.12,"Champions"
16059,66,6,1459.86,"Loyal Customers"
16062,10,4,1153.62,"Loyal Customers"
16063,261,1,335.32,"Lost / Inactive"
16065,366,1,372.09,"Lost / Inactive"
16066,17,5,1521.87,"Champions"
16070,23,2,852.15,"New / Recent Customers"
16071,45,1,326.24,"Lost / Inactive"
16072,289,1,584.32,"Lost / Inactive"
16073,298,1,122.40,"Lost / Inactive"
16076,4,10,2234.73,"Champions"
16078,284,1,79.20,"Lost / Inactive"
16079,17,3,1352.00,"Loyal Customers"
16080,82,2,217.16,"Lost / Inactive"
16081,57,5,2806.90,"Loyal Customers"
16083,101,2,1317.62,"At Risk Customers"
16084,300,1,436.18,"Lost / Inactive"
16085,24,5,981.51,"Champions"
16086,60,5,1121.39,"Loyal Customers"
16091,155,2,315.06,"At Risk Customers"
16092,115,3,817.86,"At Risk Customers"
16093,107,1,17.00,"At Risk Customers"
16094,12,4,1078.23,"Loyal Customers"
16096,265,1,320.62,"Lost / Inactive"
16097,241,1,185.05,"Lost / Inactive"
16098,88,7,2005.63,"Loyal Customers"
16099,51,3,731.90,"Loyal Customers"
16101,71,1,1290.70,"Lost / Inactive"
16102,43,3,1842.14,"Loyal Customers"
16103,8,6,1429.64,"Champions"
16104,62,1,302.36,"Lost / Inactive"
16105,249,1,336.96,"Lost / Inactive"
16106,66,1,108.38,"Lost / Inactive"
16107,18,7,3204.16,"Champions"
16108,85,1,842.50,"Lost / Inactive"
16109,219,2,611.88,"Lost / Inactive"
16110,46,3,1337.48,"Loyal Customers"
16112,144,4,195.74,"At Risk Customers"
16113,184,1,161.38,"Lost / Inactive"
16114,171,1,135.75,"At Risk Customers"
16115,10,8,1667.97,"Champions"
16116,212,1,612.78,"Lost / Inactive"
16117,190,1,232.21,"Lost / Inactive"
16119,9,2,423.36,"New / Recent Customers"
16120,60,4,1309.14,"Loyal Customers"
16121,58,2,867.11,"Lost / Inactive"
16122,74,4,684.42,"Loyal Customers"
16123,52,1,307.78,"Lost / Inactive"
16124,318,1,249.00,"Lost / Inactive"
16125,368,1,289.35,"Lost / Inactive"
16126,30,4,6287.77,"Loyal Customers"
16127,40,1,656.25,"Lost / Inactive"
16128,18,5,1880.22,"Champions"
16131,52,6,3506.54,"Loyal Customers"
16133,4,33,14589.04,"Champions"
16134,22,2,618.09,"New / Recent Customers"
16135,263,1,517.55,"Lost / Inactive"
16136,60,3,709.38,"Loyal Customers"
16139,19,3,635.41,"Loyal Customers"
16140,66,2,725.18,"Lost / Inactive"
16141,89,1,620.40,"Lost / Inactive"
16142,250,1,535.34,"Lost / Inactive"
16143,4,6,2424.94,"Champions"
16144,247,1,175.20,"Lost / Inactive"
16145,9,11,3799.49,"Champions"
16146,158,3,734.13,"At Risk Customers"
16147,134,1,375.00,"At Risk Customers"
16148,297,1,76.32,"Lost / Inactive"
16149,5,2,280.52,"New / Recent Customers"
16150,43,5,2053.02,"Loyal Customers"
16152,269,1,1829.04,"Lost / Inactive"
16153,50,5,1824.23,"Loyal Customers"
16156,9,9,3122.04,"Champions"
16157,16,3,656.69,"Loyal Customers"
16159,282,1,348.20,"Lost / Inactive"
16160,66,2,1025.44,"Lost / Inactive"
16161,2,19,5575.56,"Champions"
16162,253,1,37.40,"Lost / Inactive"
16163,233,2,856.60,"Lost / Inactive"
16164,18,3,822.48,"Loyal Customers"
16168,11,27,3787.60,"Champions"
16169,9,4,1822.97,"Loyal Customers"
16170,51,6,1885.05,"Loyal Customers"
16171,60,1,73.20,"Lost / Inactive"
16172,96,5,1140.21,"At Risk Customers"
16173,16,6,1418.32,"Champions"
16174,127,3,1009.55,"At Risk Customers"
16175,95,4,1037.59,"At Risk Customers"
16177,51,1,331.95,"Lost / Inactive"
16178,139,1,197.90,"At Risk Customers"
16179,61,1,215.83,"Lost / Inactive"
16180,101,8,10254.18,"At Risk Customers"
16181,74,1,305.54,"Lost / Inactive"
16182,73,4,6617.65,"Loyal Customers"
16183,68,1,338.71,"Lost / Inactive"
16184,65,6,1158.79,"Loyal Customers"
16185,17,2,529.41,"New / Recent Customers"
16186,23,12,4006.94,"Champions"
16187,32,15,6911.44,"Loyal Customers"
16188,45,4,981.86,"Loyal Customers"
16189,16,2,215.48,"New / Recent Customers"
16190,41,1,215.08,"Lost / Inactive"
16191,3,13,5180.52,"Champions"
16193,237,1,314.45,"Lost / Inactive"
16198,76,1,400.68,"Lost / Inactive"
16200,5,2,1080.62,"New / Recent Customers"
16201,4,4,1863.47,"Loyal Customers"
16202,361,1,365.27,"Lost / Inactive"
16203,59,4,592.90,"Loyal Customers"
16204,24,1,405.71,"New / Recent Customers"
16205,31,4,761.38,"Loyal Customers"
16206,55,4,537.06,"Loyal Customers"
16207,26,1,394.38,"New / Recent Customers"
16208,45,2,664.26,"Lost / Inactive"
16209,89,5,2262.62,"Loyal Customers"
16210,2,18,21086.30,"Champions"
16211,89,1,547.02,"Lost / Inactive"
16212,20,2,690.34,"New / Recent Customers"
16213,79,1,159.00,"Lost / Inactive"
16214,171,3,1062.75,"At Risk Customers"
16215,81,1,242.35,"Lost / Inactive"
16216,268,1,914.93,"Lost / Inactive"
16217,236,2,304.25,"Lost / Inactive"
16218,30,7,3084.68,"Champions"
16221,37,3,864.86,"Loyal Customers"
16222,319,1,846.72,"Lost / Inactive"
16224,58,4,1295.30,"Loyal Customers"
16225,45,5,1096.32,"Loyal Customers"
16226,204,3,255.12,"Lost / Inactive"
16227,226,1,314.22,"Lost / Inactive"
16229,88,2,1010.60,"Lost / Inactive"
16230,190,2,542.03,"Lost / Inactive"
16232,44,4,990.88,"Loyal Customers"
16233,72,3,536.68,"Loyal Customers"
16235,41,5,867.31,"Loyal Customers"
16236,79,1,432.20,"Lost / Inactive"
16239,57,2,414.20,"Lost / Inactive"
16240,25,2,3718.80,"New / Recent Customers"
16241,10,13,2607.87,"Champions"
16242,9,7,3603.21,"Champions"
16243,34,2,409.10,"Lost / Inactive"
16244,212,2,1522.75,"Lost / Inactive"
16245,24,3,1413.66,"Loyal Customers"
16247,171,1,114.56,"At Risk Customers"
16248,62,1,152.94,"Lost / Inactive"
16249,53,5,1800.07,"Loyal Customers"
16250,262,2,389.44,"Lost / Inactive"
16253,67,2,3683.86,"Lost / Inactive"
16255,17,8,2619.91,"Champions"
16256,267,1,752.43,"Lost / Inactive"
16257,177,1,46.95,"At Risk Customers"
16258,46,5,5203.51,"Loyal Customers"
16260,51,1,1035.45,"Lost / Inactive"
16261,18,4,746.83,"Loyal Customers"
16265,10,9,5447.00,"Champions"
16266,74,7,861.89,"Loyal Customers"
16268,72,2,667.65,"Lost / Inactive"
16270,354,1,1141.24,"Lost / Inactive"
16271,3,5,1429.24,"Champions"
16272,117,1,411.70,"At Risk Customers"
16274,374,1,357.95,"Lost / Inactive"
16275,197,1,559.87,"Lost / Inactive"
16276,177,1,810.60,"At Risk Customers"
16278,101,1,566.38,"At Risk Customers"
16279,22,3,1509.58,"Loyal Customers"
16281,73,1,2062.06,"Lost / Inactive"
16282,340,1,168.30,"Lost / Inactive"
16283,6,5,1570.81,"Champions"
16284,32,2,823.97,"Lost / Inactive"
16287,170,1,142.50,"At Risk Customers"
16292,122,1,302.25,"At Risk Customers"
16293,22,10,2248.99,"Champions"
16295,10,4,1328.55,"Loyal Customers"
16297,269,1,301.90,"Lost / Inactive"
16298,23,3,598.20,"Loyal Customers"
16302,127,1,233.22,"At Risk Customers"
16303,26,3,5360.63,"Loyal Customers"
16305,139,1,361.22,"At Risk Customers"
16306,214,6,632.27,"Lost / Inactive"
16308,38,4,2560.00,"Loyal Customers"
16309,107,2,706.57,"At Risk Customers"
16311,18,2,616.26,"New / Recent Customers"
16313,4,2,274.15,"New / Recent Customers"
16315,331,1,226.37,"Lost / Inactive"
16316,65,8,2938.91,"Loyal Customers"
16317,120,3,1341.65,"At Risk Customers"
16318,36,1,328.15,"Lost / Inactive"
16319,218,1,404.40,"Lost / Inactive"
16320,173,2,1038.46,"At Risk Customers"
16321,73,5,373.65,"Loyal Customers"
16322,2,2,326.75,"New / Recent Customers"
16323,197,1,207.50,"Lost / Inactive"
16324,129,3,428.68,"At Risk Customers"
16325,47,3,594.24,"Loyal Customers"
16326,6,14,3110.96,"Champions"
16327,15,6,3844.22,"Champions"
16330,18,3,251.91,"Loyal Customers"
16332,29,7,1593.20,"Champions"
16333,8,22,26626.80,"Champions"
16337,37,1,151.05,"Lost / Inactive"
16338,158,1,214.80,"At Risk Customers"
16339,285,1,109.95,"Lost / Inactive"
16340,108,1,549.07,"At Risk Customers"
16341,25,4,1971.87,"Loyal Customers"
16342,76,4,322.41,"Loyal Customers"
16343,17,2,370.48,"New / Recent Customers"
16344,159,1,101.10,"At Risk Customers"
16345,45,1,575.41,"Lost / Inactive"
16347,12,2,887.65,"New / Recent Customers"
16348,33,7,1469.45,"Loyal Customers"
16349,291,1,53.50,"Lost / Inactive"
16350,22,4,1116.47,"Loyal Customers"
16351,333,1,153.90,"Lost / Inactive"
16352,18,2,494.44,"New / Recent Customers"
16353,4,23,6675.71,"Champions"
16354,64,2,395.80,"Lost / Inactive"
16356,198,3,211.77,"Lost / Inactive"
16357,34,3,658.88,"Loyal Customers"
16358,2,4,2027.50,"Loyal Customers"
16359,8,9,1750.92,"Champions"
16360,5,6,3512.53,"Champions"
16361,10,4,896.66,"Loyal Customers"
16362,33,5,734.77,"Loyal Customers"
16363,54,1,109.36,"Lost / Inactive"
16364,12,2,707.04,"New / Recent Customers"
16365,18,9,1540.42,"Champions"
16366,19,1,327.30,"New / Recent Customers"
16367,38,2,804.49,"Lost / Inactive"
16368,3,2,497.43,"New / Recent Customers"
16369,19,3,1553.66,"Loyal Customers"
16370,83,4,1320.56,"Loyal Customers"
16372,34,2,367.93,"Lost / Inactive"
16374,67,2,473.03,"Lost / Inactive"
16376,9,2,987.01,"New / Recent Customers"
16377,268,1,676.20,"Lost / Inactive"
16378,248,3,362.95,"Lost / Inactive"
16379,5,4,2157.40,"Loyal Customers"
16380,62,1,1780.59,"Lost / Inactive"
16383,75,2,668.36,"Lost / Inactive"
16384,90,2,584.50,"Lost / Inactive"
16385,61,3,555.89,"Loyal Customers"
16386,29,2,317.20,"New / Recent Customers"
16387,323,1,94.36,"Lost / Inactive"
16389,54,4,1382.07,"Loyal Customers"
16392,270,1,221.19,"Lost / Inactive"
16393,3,13,3046.21,"Champions"
16394,57,5,1555.34,"Loyal Customers"
16395,61,5,1486.90,"Loyal Customers"
16398,155,2,1705.80,"At Risk Customers"
16399,20,2,408.57,"New / Recent Customers"
16400,95,1,303.93,"At Risk Customers"
16401,2,12,4098.32,"Champions"
16402,265,2,299.60,"Lost / Inactive"
16403,313,1,177.50,"Lost / Inactive"
16404,71,1,443.05,"Lost / Inactive"
16405,303,2,167.25,"Lost / Inactive"
16406,19,1,163.07,"New / Recent Customers"
16407,13,10,2126.93,"Champions"
16409,37,5,2028.88,"Loyal Customers"
16411,20,2,214.65,"New / Recent Customers"
16412,54,1,151.83,"Lost / Inactive"
16413,57,1,262.20,"Lost / Inactive"
16414,22,2,126.25,"New / Recent Customers"
16415,45,1,210.35,"Lost / Inactive"
16416,27,3,1051.40,"Loyal Customers"
16418,45,3,675.27,"Loyal Customers"
16419,113,6,972.23,"At Risk Customers"
16422,18,51,34684.40,"Champions"
16423,25,1,346.12,"New / Recent Customers"
16424,192,1,133.56,"Lost / Inactive"
16425,303,1,302.70,"Lost / Inactive"
16426,3,10,1908.25,"Champions"
16427,264,2,241.06,"Lost / Inactive"
16429,107,1,284.55,"At Risk Customers"
16430,58,1,300.85,"Lost / Inactive"
16431,214,3,642.81,"Lost / Inactive"
16432,65,1,287.40,"Lost / Inactive"
16433,29,1,184.26,"New / Recent Customers"
16434,30,7,1522.25,"Champions"
16438,6,5,798.35,"Champions"
16440,8,5,3640.67,"Champions"
16441,68,2,381.20,"Lost / Inactive"
16442,2,3,616.79,"Loyal Customers"
16444,47,4,654.67,"Loyal Customers"
16445,34,1,230.51,"Lost / Inactive"
16446,1,2,168472.50,"New / Recent Customers"
16447,136,1,259.01,"At Risk Customers"
16448,199,1,188.89,"Lost / Inactive"
16449,198,2,707.69,"Lost / Inactive"
16450,150,1,311.92,"At Risk Customers"
16451,88,1,266.97,"Lost / Inactive"
16454,45,2,6.90,"Lost / Inactive"
16455,64,7,1841.18,"Loyal Customers"
16456,100,5,2158.37,"At Risk Customers"
16457,219,1,208.36,"Lost / Inactive"
16458,3,18,3482.74,"Champions"
16460,29,3,814.72,"Loyal Customers"
16461,178,1,151.42,"At Risk Customers"
16462,74,3,136.00,"Loyal Customers"
16463,22,4,1422.40,"Loyal Customers"
16464,20,3,1314.68,"Loyal Customers"
16466,34,7,1603.46,"Loyal Customers"
16468,75,1,74.90,"Lost / Inactive"
16469,24,4,650.43,"Loyal Customers"
16470,52,4,762.39,"Loyal Customers"
16471,275,1,223.95,"Lost / Inactive"
16473,165,3,316.11,"At Risk Customers"
16474,8,7,1871.50,"Champions"
16475,89,4,544.30,"Loyal Customers"
16477,64,7,2494.46,"Loyal Customers"
16478,26,3,331.00,"Loyal Customers"
16479,11,2,300.83,"New / Recent Customers"
16480,76,1,769.29,"Lost / Inactive"
16482,16,1,220.62,"New / Recent Customers"
16483,193,1,139.35,"Lost / Inactive"
16484,174,2,404.30,"At Risk Customers"
16485,78,1,363.65,"Lost / Inactive"
16488,34,3,498.80,"Loyal Customers"
16491,47,1,731.50,"Lost / Inactive"
16493,80,4,1351.63,"Loyal Customers"
16494,297,1,826.53,"Lost / Inactive"
16495,4,3,684.41,"Loyal Customers"
16496,9,3,1599.52,"Loyal Customers"
16497,50,6,2965.69,"Loyal Customers"
16498,162,2,100.97,"At Risk Customers"
16499,361,2,365.45,"Lost / Inactive"
16500,5,6,400.86,"Champions"
16503,107,4,1431.93,"At Risk Customers"
16504,26,1,484.38,"New / Recent Customers"
16505,32,1,777.60,"Lost / Inactive"
16506,20,2,90.30,"New / Recent Customers"
16509,297,1,363.70,"Lost / Inactive"
16510,373,1,248.10,"Lost / Inactive"
16511,22,3,950.26,"Loyal Customers"
16513,5,4,874.59,"Loyal Customers"
16515,53,5,1627.13,"Loyal Customers"
16516,31,1,101.70,"Lost / Inactive"
16517,278,1,162.70,"Lost / Inactive"
16518,62,2,484.32,"Lost / Inactive"
16519,26,2,215.08,"New / Recent Customers"
16520,187,3,1046.57,"Lost / Inactive"
16523,2,21,9418.47,"Champions"
16525,3,26,13027.45,"Champions"
16526,172,1,290.36,"At Risk Customers"
16527,82,1,228.06,"Lost / Inactive"
16528,4,1,244.41,"New / Recent Customers"
16529,191,1,455.25,"Lost / Inactive"
16531,23,7,1244.59,"Champions"
16532,18,3,6748.80,"Loyal Customers"
16533,20,3,1095.56,"Loyal Customers"
16535,6,1,593.75,"New / Recent Customers"
16536,111,1,548.97,"At Risk Customers"
16539,3,4,1388.81,"Loyal Customers"
16542,54,1,119.62,"Lost / Inactive"
16545,165,1,339.30,"At Risk Customers"
16546,291,2,787.15,"Lost / Inactive"
16549,11,10,4154.64,"Champions"
16550,109,5,2298.97,"At Risk Customers"
16551,96,3,922.12,"At Risk Customers"
16552,243,2,379.73,"Lost / Inactive"
16553,164,12,5719.82,"At Risk Customers"
16554,43,3,837.10,"Loyal Customers"
16555,36,2,285.89,"Lost / Inactive"
16556,67,7,3313.79,"Loyal Customers"
16557,25,2,281.85,"New / Recent Customers"
16558,1,20,8338.49,"Champions"
16560,27,2,841.41,"New / Recent Customers"
16561,6,2,511.12,"New / Recent Customers"
16563,54,1,1077.74,"Lost / Inactive"
16565,365,1,173.70,"Lost / Inactive"
16566,16,5,614.66,"Champions"
16567,195,2,865.60,"Lost / Inactive"
16569,4,1,124.20,"New / Recent Customers"
16570,16,10,3738.40,"Champions"
16571,27,3,1421.69,"Loyal Customers"
16572,128,3,1009.60,"At Risk Customers"
16573,85,2,663.61,"Lost / Inactive"
16574,72,1,451.44,"Lost / Inactive"
16581,183,1,105.84,"Lost / Inactive"
16582,114,1,313.62,"At Risk Customers"
16583,374,1,233.45,"Lost / Inactive"
16584,81,2,936.08,"Lost / Inactive"
16586,249,1,463.95,"Lost / Inactive"
16587,233,1,225.15,"Lost / Inactive"
16589,72,3,459.24,"Loyal Customers"
16591,69,1,213.50,"Lost / Inactive"
16592,5,16,4113.68,"Champions"
16593,51,3,330.03,"Loyal Customers"
16594,76,1,181.09,"Lost / Inactive"
16595,62,1,360.16,"Lost / Inactive"
16596,16,2,250.15,"New / Recent Customers"
16597,5,1,90.04,"New / Recent Customers"
16598,286,1,145.05,"Lost / Inactive"
16600,5,6,813.52,"Champions"
16601,41,1,244.80,"Lost / Inactive"
16602,37,1,528.08,"Lost / Inactive"
16603,75,2,482.47,"Lost / Inactive"
16607,18,14,3347.71,"Champions"
16609,16,7,5493.46,"Champions"
16610,220,1,75.66,"Lost / Inactive"
16611,187,1,129.49,"Lost / Inactive"
16612,33,4,1187.66,"Loyal Customers"
16613,71,1,618.59,"Lost / Inactive"
16614,183,1,506.19,"Lost / Inactive"
16616,16,2,500.42,"New / Recent Customers"
16617,236,1,151.85,"Lost / Inactive"
16618,32,5,2647.59,"Loyal Customers"
16619,264,1,226.21,"Lost / Inactive"
16620,4,2,178.96,"New / Recent Customers"
16621,52,4,813.48,"Loyal Customers"
16623,246,1,129.45,"Lost / Inactive"
16624,81,2,810.57,"Lost / Inactive"
16625,275,1,333.08,"Lost / Inactive"
16626,1,17,4413.10,"Champions"
16627,80,1,322.80,"Lost / Inactive"
16628,30,5,2188.05,"Champions"
16629,74,2,417.73,"Lost / Inactive"
16633,18,6,2883.10,"Champions"
16634,223,2,217.90,"Lost / Inactive"
16637,33,4,1154.47,"Loyal Customers"
16638,23,10,1680.72,"Champions"
16639,32,3,1257.51,"Loyal Customers"
16641,106,1,231.10,"At Risk Customers"
16642,5,2,688.33,"New / Recent Customers"
16643,246,1,487.51,"Lost / Inactive"
16644,178,2,833.78,"At Risk Customers"
16647,170,2,214.06,"At Risk Customers"
16648,43,1,290.66,"Lost / Inactive"
16650,72,1,518.42,"Lost / Inactive"
16652,59,7,6773.97,"Loyal Customers"
16653,17,2,1212.66,"New / Recent Customers"
16654,142,4,601.27,"At Risk Customers"
16655,18,6,3794.52,"Champions"
16656,23,15,8625.80,"Champions"
16657,10,4,933.62,"Loyal Customers"
16658,369,1,123.24,"Lost / Inactive"
16659,190,1,39.12,"Lost / Inactive"
16660,17,4,1267.65,"Loyal Customers"
16665,363,1,135.40,"Lost / Inactive"
16666,20,1,118.98,"New / Recent Customers"
16667,69,2,570.13,"Lost / Inactive"
16668,16,6,306.72,"Champions"
16669,24,3,1374.87,"Loyal Customers"
16670,17,11,4095.90,"Champions"
16671,29,3,1692.27,"Loyal Customers"
16672,3,20,8134.94,"Champions"
16674,55,2,319.61,"Lost / Inactive"
16676,34,4,1592.12,"Loyal Customers"
16678,3,12,3109.99,"Champions"
16679,367,1,129.75,"Lost / Inactive"
16680,44,1,183.70,"Lost / Inactive"
16681,73,6,1770.34,"Loyal Customers"
16682,5,5,1028.00,"Champions"
16684,5,28,66653.56,"Champions"
16685,62,2,324.24,"Lost / Inactive"
16686,48,7,3062.83,"Loyal Customers"
16688,2,4,1260.86,"Loyal Customers"
16689,76,2,422.60,"Lost / Inactive"
16690,73,2,225.58,"Lost / Inactive"
16692,257,2,1276.00,"Lost / Inactive"
16693,69,2,482.01,"Lost / Inactive"
16696,136,4,657.90,"At Risk Customers"
16697,242,1,112.75,"Lost / Inactive"
16698,227,2,1998.00,"Lost / Inactive"
16700,9,13,5076.55,"Champions"
16701,9,13,5398.30,"Champions"
16705,1,20,14034.99,"Champions"
16706,38,3,531.35,"Loyal Customers"
16708,46,1,656.63,"Lost / Inactive"
16709,85,5,3029.87,"Loyal Customers"
16710,20,10,2483.04,"Champions"
16711,4,5,1651.03,"Champions"
16712,10,11,3645.43,"Champions"
16713,19,15,6923.13,"Champions"
16714,219,3,1161.53,"Lost / Inactive"
16715,79,1,301.72,"Lost / Inactive"
16716,267,2,901.20,"Lost / Inactive"
16717,24,6,3858.38,"Champions"
16718,370,1,623.75,"Lost / Inactive"
16719,15,7,1790.42,"Champions"
16720,27,1,155.24,"New / Recent Customers"
16721,263,1,292.47,"Lost / Inactive"
16722,18,13,4730.81,"Champions"
16723,92,2,589.15,"At Risk Customers"
16725,303,7,781.02,"Lost / Inactive"
16726,27,5,1382.02,"Champions"
16727,365,1,272.82,"Lost / Inactive"
16728,47,4,1054.67,"Loyal Customers"
16729,39,21,7239.92,"Loyal Customers"
16730,53,3,743.11,"Loyal Customers"
16732,32,1,603.75,"Lost / Inactive"
16734,53,3,650.51,"Loyal Customers"
16735,79,5,2300.56,"Loyal Customers"
16737,54,1,417.60,"Lost / Inactive"
16738,298,1,3.75,"Lost / Inactive"
16739,177,1,323.00,"At Risk Customers"
16742,47,1,464.90,"Lost / Inactive"
16743,30,7,2238.09,"Champions"
16744,12,7,1304.76,"Champions"
16745,87,17,7194.30,"Loyal Customers"
16746,5,18,6697.66,"Champions"
16747,38,2,836.06,"Lost / Inactive"
16748,18,5,1515.90,"Champions"
16750,45,5,623.93,"Loyal Customers"
16751,31,1,1764.72,"Lost / Inactive"
16752,373,1,207.50,"Lost / Inactive"
16753,59,1,223.92,"Lost / Inactive"
16754,373,1,2002.40,"Lost / Inactive"
16755,115,3,1496.83,"At Risk Customers"
16756,215,1,239.40,"Lost / Inactive"
16757,319,1,106.83,"Lost / Inactive"
16758,66,1,369.34,"Lost / Inactive"
16759,8,3,789.79,"Loyal Customers"
16761,97,1,316.62,"At Risk Customers"
16762,20,3,1501.38,"Loyal Customers"
16763,199,1,611.85,"Lost / Inactive"
16764,4,13,2799.25,"Champions"
16765,295,1,34.00,"Lost / Inactive"
16766,274,2,1145.60,"Lost / Inactive"
16767,31,11,5580.60,"Loyal Customers"
16768,48,3,478.09,"Loyal Customers"
16769,261,1,380.39,"Lost / Inactive"
16770,58,5,770.10,"Loyal Customers"
16771,34,5,2246.81,"Loyal Customers"
16773,58,1,171.59,"Lost / Inactive"
16774,68,4,661.52,"Loyal Customers"
16775,11,11,1695.66,"Champions"
16776,61,1,388.28,"Lost / Inactive"
16777,81,2,226.35,"Lost / Inactive"
16778,75,2,245.94,"Lost / Inactive"
16779,3,22,10629.72,"Champions"
16780,101,2,425.19,"At Risk Customers"
16781,373,1,311.25,"Lost / Inactive"
16782,11,13,2279.90,"Champions"
16784,20,1,107.60,"New / Recent Customers"
16788,124,2,597.48,"At Risk Customers"
16789,9,1,80.80,"New / Recent Customers"
16790,4,6,1545.62,"Champions"
16791,30,7,1721.78,"Champions"
16792,283,2,110.38,"Lost / Inactive"
16793,58,1,243.84,"Lost / Inactive"
16794,2,10,1222.71,"Champions"
16795,366,1,414.88,"Lost / Inactive"
16796,90,1,305.62,"Lost / Inactive"
16800,12,1,1201.49,"New / Recent Customers"
16801,164,4,1619.73,"At Risk Customers"
16803,66,1,332.30,"Lost / Inactive"
16804,24,3,536.99,"Loyal Customers"
16805,174,2,460.59,"At Risk Customers"
16806,104,4,801.49,"At Risk Customers"
16807,143,3,1121.59,"At Risk Customers"
16808,100,2,288.42,"At Risk Customers"
16809,24,5,914.69,"Champions"
16810,193,1,309.54,"Lost / Inactive"
16811,5,2,547.07,"New / Recent Customers"
16812,361,1,479.35,"Lost / Inactive"
16813,9,10,1692.98,"Champions"
16814,15,21,6509.10,"Champions"
16816,104,4,417.06,"At Risk Customers"
16817,3,9,1604.75,"Champions"
16818,11,11,3349.57,"Champions"
16820,96,1,497.61,"At Risk Customers"
16823,228,1,358.38,"Lost / Inactive"
16824,16,2,460.64,"New / Recent Customers"
16825,39,2,775.18,"Lost / Inactive"
16826,52,1,341.70,"Lost / Inactive"
16828,94,2,128.50,"At Risk Customers"
16829,157,1,197.22,"At Risk Customers"
16830,39,1,325.91,"Lost / Inactive"
16832,185,3,199.15,"Lost / Inactive"
16833,2,4,1106.53,"Loyal Customers"
16834,228,1,413.46,"Lost / Inactive"
16835,129,2,180.85,"At Risk Customers"
16836,40,2,251.87,"Lost / Inactive"
16837,32,11,3170.98,"Loyal Customers"
16838,198,2,588.85,"Lost / Inactive"
16839,9,34,16594.35,"Champions"
16841,37,6,1869.82,"Loyal Customers"
16842,101,3,1264.19,"At Risk Customers"
16843,43,16,10196.57,"Loyal Customers"
16846,51,1,214.32,"Lost / Inactive"
16847,44,1,193.44,"Lost / Inactive"
16848,53,1,281.42,"Lost / Inactive"
16849,187,1,124.57,"Lost / Inactive"
16850,334,1,332.41,"Lost / Inactive"
16851,5,3,342.45,"Loyal Customers"
16852,11,2,144.91,"New / Recent Customers"
16855,24,2,328.40,"New / Recent Customers"
16856,15,1,35.40,"New / Recent Customers"
16858,369,1,375.69,"Lost / Inactive"
16859,145,2,747.81,"At Risk Customers"
16861,60,2,173.76,"Lost / Inactive"
16863,32,2,502.80,"Lost / Inactive"
16866,141,3,207.74,"At Risk Customers"
16869,23,4,825.42,"Loyal Customers"
16871,23,6,2812.34,"Champions"
16872,78,3,680.02,"Loyal Customers"
16873,5,6,7123.62,"Champions"
16875,68,5,2095.53,"Loyal Customers"
16877,13,6,853.72,"Champions"
16878,85,1,13.30,"Lost / Inactive"
16880,31,7,1519.08,"Loyal Customers"
16881,67,1,432.00,"Lost / Inactive"
16882,67,3,705.12,"Loyal Customers"
16883,188,2,276.73,"Lost / Inactive"
16884,38,2,429.84,"Lost / Inactive"
16885,16,3,471.51,"Loyal Customers"
16887,36,1,194.88,"Lost / Inactive"
16889,195,3,1578.67,"Lost / Inactive"
16891,2,5,809.70,"Champions"
16892,2,5,525.54,"Champions"
16893,367,1,145.93,"Lost / Inactive"
16895,65,1,219.14,"Lost / Inactive"
16897,300,2,289.78,"Lost / Inactive"
16898,27,3,508.81,"Loyal Customers"
16899,8,6,1281.56,"Champions"
16900,17,3,887.11,"Loyal Customers"
16902,117,1,1706.88,"At Risk Customers"
16903,30,1,373.24,"New / Recent Customers"
16904,5,16,3754.27,"Champions"
16905,6,7,3102.43,"Champions"
16906,82,4,579.77,"Loyal Customers"
16907,30,5,981.65,"Champions"
16909,73,1,379.14,"Lost / Inactive"
16910,5,8,1510.06,"Champions"
16912,29,11,2575.38,"Champions"
16913,291,1,113.44,"Lost / Inactive"
16914,37,1,208.46,"Lost / Inactive"
16915,10,6,621.68,"Champions"
16916,24,2,576.26,"New / Recent Customers"
16917,277,1,391.52,"Lost / Inactive"
16918,50,6,1068.82,"Loyal Customers"
16919,157,11,2596.45,"At Risk Customers"
16921,62,1,169.79,"Lost / Inactive"
16923,13,19,7247.61,"Champions"
16924,22,3,846.75,"Loyal Customers"
16926,372,1,230.25,"Lost / Inactive"
16927,116,3,543.05,"At Risk Customers"
16928,81,17,2847.60,"Loyal Customers"
16929,4,7,1295.39,"Champions"
16930,27,3,380.55,"Loyal Customers"
16931,6,21,4604.22,"Champions"
16932,54,1,161.94,"Lost / Inactive"
16933,2,2,563.23,"New / Recent Customers"
16934,55,2,950.93,"Lost / Inactive"
16936,26,1,262.68,"New / Recent Customers"
16938,9,4,2736.38,"Loyal Customers"
16940,53,3,3049.88,"Loyal Customers"
16942,13,9,1920.59,"Champions"
16943,212,3,816.73,"Lost / Inactive"
16945,22,19,4345.50,"Champions"
16947,236,1,406.48,"Lost / Inactive"
16948,139,3,435.02,"At Risk Customers"
16949,4,6,1286.27,"Champions"
16950,57,3,1178.56,"Loyal Customers"
16951,135,3,1277.75,"At Risk Customers"
16952,110,2,167.61,"At Risk Customers"
16953,31,1,20.80,"Lost / Inactive"
16954,1,9,2085.08,"Champions"
16955,185,4,518.67,"Lost / Inactive"
16956,18,1,308.74,"New / Recent Customers"
16957,240,2,416.64,"Lost / Inactive"
16959,88,1,117.35,"Lost / Inactive"
16960,39,3,507.05,"Loyal Customers"
16961,117,1,234.17,"At Risk Customers"
16963,188,1,110.55,"Lost / Inactive"
16965,227,1,201.19,"Lost / Inactive"
16966,9,7,2154.97,"Champions"
16967,190,1,319.02,"Lost / Inactive"
16968,5,2,439.43,"New / Recent Customers"
16969,40,3,650.41,"Loyal Customers"
16971,39,1,357.21,"Lost / Inactive"
16976,268,1,251.52,"Lost / Inactive"
16978,78,1,344.33,"Lost / Inactive"
16979,4,6,1852.00,"Champions"
16980,256,2,1078.96,"Lost / Inactive"
16982,61,1,384.06,"Lost / Inactive"
16983,13,7,1931.25,"Champions"
16984,89,2,4481.35,"Lost / Inactive"
16985,18,10,5464.12,"Champions"
16986,30,2,1873.20,"New / Recent Customers"
16987,4,7,1625.05,"Champions"
16988,6,1,126.12,"New / Recent Customers"
16989,8,6,1133.25,"Champions"
16990,219,1,179.00,"Lost / Inactive"
16992,11,5,1614.31,"Champions"
16996,31,6,1456.96,"Loyal Customers"
16997,289,3,702.00,"Lost / Inactive"
16998,150,4,295.00,"At Risk Customers"
16999,24,2,484.82,"New / Recent Customers"
17001,1,11,3989.57,"Champions"
17002,86,3,1493.73,"Loyal Customers"
17004,47,2,1412.94,"Lost / Inactive"
17006,5,4,781.78,"Loyal Customers"
17007,51,6,889.93,"Loyal Customers"
17010,19,1,195.36,"New / Recent Customers"
17011,31,1,270.90,"Lost / Inactive"
17014,9,3,586.33,"Loyal Customers"
17015,29,3,1842.56,"Loyal Customers"
17017,3,20,8694.26,"Champions"
17018,41,2,920.10,"Lost / Inactive"
17019,12,4,1272.61,"Loyal Customers"
17022,32,1,71.00,"Lost / Inactive"
17024,46,3,95.85,"Loyal Customers"
17025,61,3,357.77,"Loyal Customers"
17026,186,2,154.83,"Lost / Inactive"
17027,79,6,890.29,"Loyal Customers"
17029,111,2,716.00,"At Risk Customers"
17030,64,1,146.87,"Lost / Inactive"
17031,12,2,380.35,"New / Recent Customers"
17033,87,3,1030.14,"Loyal Customers"
17034,17,3,745.52,"Loyal Customers"
17035,246,2,433.53,"Lost / Inactive"
17037,88,1,1267.32,"Lost / Inactive"
17038,31,1,112.40,"Lost / Inactive"
17040,138,1,449.73,"At Risk Customers"
17041,27,3,1081.57,"Loyal Customers"
17042,3,5,1044.38,"Champions"
17043,33,4,1735.18,"Loyal Customers"
17044,26,1,948.48,"New / Recent Customers"
17045,114,3,339.44,"At Risk Customers"
17046,158,1,642.02,"At Risk Customers"
17047,86,3,1100.90,"Loyal Customers"
17048,118,3,925.35,"At Risk Customers"
17049,3,9,5659.98,"Champions"
17050,97,6,3228.84,"At Risk Customers"
17051,195,1,247.14,"Lost / Inactive"
17052,29,1,413.75,"New / Recent Customers"
17053,131,1,498.48,"At Risk Customers"
17054,29,5,1356.33,"Champions"
17058,82,3,1179.89,"Loyal Customers"
17059,30,5,3095.04,"Champions"
17060,267,1,234.24,"Lost / Inactive"
17061,74,11,5232.23,"Loyal Customers"
17062,314,4,538.37,"Lost / Inactive"
17063,22,7,1461.14,"Champions"
17064,59,3,859.35,"Loyal Customers"
17068,13,21,4552.14,"Champions"
17069,29,9,2709.70,"Champions"
17070,115,1,312.14,"At Risk Customers"
17071,29,9,2429.03,"Champions"
17073,18,4,1446.09,"Loyal Customers"
17075,18,4,834.12,"Loyal Customers"
17076,37,3,841.08,"Loyal Customers"
17078,37,2,378.20,"Lost / Inactive"
17079,79,1,118.80,"Lost / Inactive"
17080,23,2,287.62,"New / Recent Customers"
17081,26,2,290.16,"New / Recent Customers"
17082,34,2,2003.85,"Lost / Inactive"
17083,110,3,1405.78,"At Risk Customers"
17084,36,2,2949.75,"Lost / Inactive"
17085,124,5,1566.65,"At Risk Customers"
17086,8,6,2050.08,"Champions"
17088,29,4,1991.01,"Loyal Customers"
17090,5,7,2043.95,"Champions"
17091,3,9,3827.76,"Champions"
17092,51,4,1777.78,"Loyal Customers"
17094,323,1,302.00,"Lost / Inactive"
17095,23,3,1324.16,"Loyal Customers"
17096,16,4,1022.13,"Loyal Customers"
17097,3,8,954.42,"Champions"
17100,19,2,971.74,"New / Recent Customers"
17101,11,4,1621.73,"Loyal Customers"
17102,262,1,25.50,"Lost / Inactive"
17105,160,2,665.78,"At Risk Customers"
17107,34,6,10815.43,"Loyal Customers"
17109,30,6,885.04,"Champions"
17110,166,1,163.30,"At Risk Customers"
17111,48,1,248.61,"Lost / Inactive"
17114,6,8,808.62,"Champions"
17115,9,3,837.50,"Loyal Customers"
17117,289,1,116.20,"Lost / Inactive"
17118,318,1,157.02,"Lost / Inactive"
17119,4,2,606.91,"New / Recent Customers"
17120,234,1,307.46,"Lost / Inactive"
17122,120,1,138.32,"At Risk Customers"
17123,162,1,345.30,"At Risk Customers"
17124,186,1,298.89,"Lost / Inactive"
17125,51,1,259.35,"Lost / Inactive"
17126,153,5,1004.75,"At Risk Customers"
17128,335,1,157.09,"Lost / Inactive"
17131,6,5,2463.17,"Champions"
17133,16,7,4892.24,"Champions"
17134,107,2,425.00,"At Risk Customers"
17135,17,7,1139.73,"Champions"
17138,276,1,380.50,"Lost / Inactive"
17139,16,12,10668.47,"Champions"
17140,248,1,465.32,"Lost / Inactive"
17142,240,1,579.00,"Lost / Inactive"
17144,2,2,984.57,"New / Recent Customers"
17146,106,3,749.78,"At Risk Customers"
17147,23,4,1714.59,"Loyal Customers"
17148,52,1,124.88,"Lost / Inactive"
17152,195,3,1689.50,"Lost / Inactive"
17153,25,1,213.78,"New / Recent Customers"
17154,76,1,329.34,"Lost / Inactive"
17155,18,2,251.70,"New / Recent Customers"
17157,8,2,319.00,"New / Recent Customers"
17158,33,3,1266.97,"Loyal Customers"
17159,22,3,1538.88,"Loyal Customers"
17160,32,6,3518.03,"Loyal Customers"
17162,29,10,1715.46,"Champions"
17163,22,2,293.10,"New / Recent Customers"
17164,33,7,2467.35,"Loyal Customers"
17165,285,1,158.68,"Lost / Inactive"
17166,39,2,206.34,"Lost / Inactive"
17169,58,2,835.78,"Lost / Inactive"
17171,290,1,224.91,"Lost / Inactive"
17172,79,1,317.76,"Lost / Inactive"
17173,6,8,3766.60,"Champions"
17174,218,1,59.90,"Lost / Inactive"
17175,45,4,1443.69,"Loyal Customers"
17176,202,1,306.13,"Lost / Inactive"
17179,179,3,711.79,"At Risk Customers"
17180,57,4,796.03,"Loyal Customers"
17181,58,2,239.92,"Lost / Inactive"
17183,8,6,3347.31,"Champions"
17186,47,2,144.00,"Lost / Inactive"
17187,227,1,203.95,"Lost / Inactive"
17188,12,7,2474.23,"Champions"
17189,107,2,384.40,"At Risk Customers"
17190,59,2,444.74,"Lost / Inactive"
17191,29,7,2095.13,"Champions"
17193,36,7,1699.30,"Loyal Customers"
17194,274,2,262.62,"Lost / Inactive"
17197,30,1,1013.01,"New / Recent Customers"
17198,24,3,692.22,"Loyal Customers"
17201,54,1,342.63,"Lost / Inactive"
17203,36,6,3563.85,"Loyal Customers"
17204,176,4,1564.56,"At Risk Customers"
17205,54,1,384.08,"Lost / Inactive"
17206,54,1,204.24,"Lost / Inactive"
17211,27,8,2317.22,"Champions"
17212,254,1,226.85,"Lost / Inactive"
17213,41,7,2781.23,"Loyal Customers"
17214,61,6,1069.12,"Loyal Customers"
17217,235,1,113.50,"Lost / Inactive"
17218,5,10,1960.72,"Champions"
17219,32,1,114.23,"Lost / Inactive"
17220,25,14,3198.25,"Champions"
17221,8,2,335.13,"New / Recent Customers"
17222,66,1,354.15,"Lost / Inactive"
17223,311,2,426.79,"Lost / Inactive"
17226,309,1,393.49,"Lost / Inactive"
17227,19,6,939.32,"Champions"
17228,16,8,1906.09,"Champions"
17229,97,2,318.76,"At Risk Customers"
17230,265,8,3638.41,"Lost / Inactive"
17231,13,10,3174.32,"Champions"
17232,3,2,421.52,"New / Recent Customers"
17233,36,1,190.88,"Lost / Inactive"
17234,183,1,149.89,"Lost / Inactive"
17235,26,2,550.06,"New / Recent Customers"
17236,13,6,916.13,"Champions"
17237,12,2,314.69,"New / Recent Customers"
17238,3,17,3744.65,"Champions"
17239,313,1,382.50,"Lost / Inactive"
17242,109,2,1135.04,"At Risk Customers"
17243,2,26,8676.85,"Champions"
17244,54,1,954.90,"Lost / Inactive"
17245,205,1,171.45,"Lost / Inactive"
17247,16,1,282.19,"New / Recent Customers"
17248,121,1,318.65,"At Risk Customers"
17250,4,2,384.52,"New / Recent Customers"
17251,363,1,283.28,"Lost / Inactive"
17252,117,2,353.86,"At Risk Customers"
17253,19,1,178.26,"New / Recent Customers"
17254,5,2,272.44,"New / Recent Customers"
17255,41,2,298.41,"Lost / Inactive"
17256,108,2,240.00,"At Risk Customers"
17259,149,2,603.37,"At Risk Customers"
17262,53,5,1253.36,"Loyal Customers"
17263,209,1,63.44,"Lost / Inactive"
17265,139,2,562.90,"At Risk Customers"
17266,3,3,310.64,"Loyal Customers"
17267,128,2,317.62,"At Risk Customers"
17268,108,4,763.64,"At Risk Customers"
17272,43,4,2148.63,"Loyal Customers"
17274,36,1,111.98,"Lost / Inactive"
17277,228,2,1065.35,"Lost / Inactive"
17278,242,1,246.04,"Lost / Inactive"
17279,58,1,187.83,"Lost / Inactive"
17282,131,3,1703.41,"At Risk Customers"
17284,61,6,1652.58,"Loyal Customers"
17286,22,1,153.92,"New / Recent Customers"
17287,27,7,1064.11,"Champions"
17288,10,7,1419.73,"Champions"
17289,32,3,944.41,"Loyal Customers"
17290,4,2,525.24,"New / Recent Customers"
17291,309,1,550.80,"Lost / Inactive"
17293,9,9,1875.11,"Champions"
17295,29,3,556.95,"Loyal Customers"
17297,18,1,131.78,"New / Recent Customers"
17298,102,2,498.42,"At Risk Customers"
17299,12,4,669.11,"Loyal Customers"
17301,22,1,197.63,"New / Recent Customers"
17302,15,5,1135.63,"Champions"
17303,362,1,250.04,"Lost / Inactive"
17306,11,19,8631.31,"Champions"
17309,96,1,82.75,"At Risk Customers"
17311,79,2,1384.85,"Lost / Inactive"
17312,139,3,644.30,"At Risk Customers"
17313,32,1,2328.84,"Lost / Inactive"
17314,25,8,2527.92,"Champions"
17315,2,38,6292.26,"Champions"
17317,47,3,2600.34,"Loyal Customers"
17320,101,3,1200.62,"At Risk Customers"
17321,9,2,700.86,"New / Recent Customers"
17323,16,7,921.07,"Champions"
17324,18,4,990.23,"Loyal Customers"
17325,281,1,96.80,"Lost / Inactive"
17329,15,2,523.11,"New / Recent Customers"
17330,23,2,363.90,"New / Recent Customers"
17331,124,1,175.20,"At Risk Customers"
17333,86,1,494.25,"Lost / Inactive"
17334,303,2,307.02,"Lost / Inactive"
17337,152,4,2027.87,"At Risk Customers"
17338,18,8,6643.93,"Champions"
17339,95,2,243.36,"At Risk Customers"
17340,30,11,12353.29,"Champions"
17341,157,3,781.36,"At Risk Customers"
17343,356,1,193.64,"Lost / Inactive"
17344,47,1,160.57,"Lost / Inactive"
17345,16,4,537.74,"Loyal Customers"
17346,4,15,2676.56,"Champions"
17347,87,1,228.96,"Lost / Inactive"
17348,15,5,1159.52,"Champions"
17349,180,1,110.75,"At Risk Customers"
17350,9,4,1286.07,"Loyal Customers"
17351,37,3,587.15,"Loyal Customers"
17353,130,2,1740.00,"At Risk Customers"
17354,51,1,1393.06,"Lost / Inactive"
17356,312,1,178.22,"Lost / Inactive"
17357,25,2,388.14,"New / Recent Customers"
17358,304,2,365.85,"Lost / Inactive"
17359,12,1,127.86,"New / Recent Customers"
17360,18,3,585.79,"Loyal Customers"
17361,50,3,488.20,"Loyal Customers"
17362,240,2,312.23,"Lost / Inactive"
17364,1,11,4481.18,"Champions"
17365,13,8,4801.56,"Champions"
17367,239,1,168.40,"Lost / Inactive"
17368,24,8,1912.67,"Champions"
17370,73,4,446.18,"Loyal Customers"
17371,18,3,423.89,"Loyal Customers"
17372,41,8,1342.68,"Loyal Customers"
17373,41,4,646.92,"Loyal Customers"
17374,219,2,495.77,"Lost / Inactive"
17375,200,3,400.10,"Lost / Inactive"
17376,71,2,203.20,"Lost / Inactive"
17377,24,20,4100.92,"Champions"
17379,12,1,404.66,"New / Recent Customers"
17381,9,29,20275.61,"Champions"
17382,66,1,65.40,"Lost / Inactive"
17383,5,1,199.29,"New / Recent Customers"
17384,20,2,336.40,"New / Recent Customers"
17385,15,1,261.11,"New / Recent Customers"
17386,8,6,2686.42,"Champions"
17387,20,2,784.11,"New / Recent Customers"
17388,78,4,1259.56,"Loyal Customers"
17389,1,34,31833.68,"Champions"
17391,164,2,508.80,"At Risk Customers"
17392,307,2,457.91,"Lost / Inactive"
17394,220,1,203.87,"Lost / Inactive"
17396,40,8,7330.80,"Loyal Customers"
17397,23,2,696.41,"New / Recent Customers"
17398,115,3,653.38,"At Risk Customers"
17400,127,5,2129.96,"At Risk Customers"
17402,5,13,2633.85,"Champions"
17403,37,1,281.62,"Lost / Inactive"
17404,5,15,31906.82,"Champions"
17405,2,3,1031.41,"Loyal Customers"
17406,334,3,2200.42,"Lost / Inactive"
17408,164,1,32.65,"At Risk Customers"
17409,185,2,771.85,"Lost / Inactive"
17410,17,5,1214.72,"Champions"
17411,13,3,778.94,"Loyal Customers"
17412,3,7,1258.06,"Champions"
17414,44,2,778.00,"Lost / Inactive"
17415,80,1,507.84,"Lost / Inactive"
17416,30,7,6893.42,"Champions"
17418,43,2,463.46,"Lost / Inactive"
17419,12,12,4226.57,"Champions"
17420,51,3,598.83,"Loyal Customers"
17422,17,6,1979.37,"Champions"
17423,47,2,698.41,"Lost / Inactive"
17425,20,2,759.17,"New / Recent Customers"
17426,9,6,5037.26,"Champions"
17427,72,1,100.80,"Lost / Inactive"
17428,1,28,17256.85,"Champions"
17429,129,3,524.92,"At Risk Customers"
17430,33,2,265.76,"Lost / Inactive"
17431,314,1,403.30,"Lost / Inactive"
17432,19,2,365.76,"New / Recent Customers"
17433,89,1,303.16,"Lost / Inactive"
17434,3,7,2373.82,"Champions"
17436,2,2,216.30,"New / Recent Customers"
17438,254,1,388.45,"Lost / Inactive"
17440,157,3,186.42,"At Risk Customers"
17442,37,6,2248.56,"Loyal Customers"
17443,220,1,534.24,"Lost / Inactive"
17444,148,3,2940.04,"At Risk Customers"
17446,177,2,120.90,"At Risk Customers"
17447,41,2,541.53,"Lost / Inactive"
17449,3,7,2520.86,"Champions"
17450,9,46,194550.79,"Champions"
17451,2,7,1721.40,"Champions"
17453,18,2,486.72,"New / Recent Customers"
17454,193,4,517.53,"Lost / Inactive"
17455,204,1,131.70,"Lost / Inactive"
17456,366,1,249.86,"Lost / Inactive"
17457,127,5,1737.70,"At Risk Customers"
17458,16,1,316.50,"New / Recent Customers"
17459,44,2,657.30,"Lost / Inactive"
17460,95,6,622.43,"At Risk Customers"
17461,23,3,757.46,"Loyal Customers"
17462,61,2,675.69,"Lost / Inactive"
17463,17,5,1896.41,"Champions"
17464,159,1,289.96,"At Risk Customers"
17466,11,2,763.28,"New / Recent Customers"
17468,11,2,137.00,"New / Recent Customers"
17469,17,5,1870.97,"Champions"
17470,45,5,1125.07,"Loyal Customers"
17472,192,3,710.29,"Lost / Inactive"
17475,80,1,194.37,"Lost / Inactive"
17480,78,1,511.82,"Lost / Inactive"
17481,4,4,1255.59,"Loyal Customers"
17483,66,3,414.04,"Loyal Customers"
17486,262,1,396.87,"Lost / Inactive"
17489,59,2,376.64,"Lost / Inactive"
17490,1,7,2092.32,"Champions"
17491,2,10,3558.87,"Champions"
17492,249,1,374.57,"Lost / Inactive"
17495,8,2,497.56,"New / Recent Customers"
17496,359,1,271.05,"Lost / Inactive"
17498,76,1,272.22,"Lost / Inactive"
17499,290,1,622.88,"Lost / Inactive"
17500,18,3,1138.00,"Loyal Customers"
17501,221,2,288.60,"Lost / Inactive"
17502,10,4,689.10,"Loyal Customers"
17503,3,2,558.96,"New / Recent Customers"
17504,207,9,2997.03,"Lost / Inactive"
17505,162,2,1145.84,"At Risk Customers"
17506,76,1,302.20,"Lost / Inactive"
17507,262,2,605.58,"Lost / Inactive"
17508,281,1,387.31,"Lost / Inactive"
17509,58,8,6115.14,"Loyal Customers"
17510,25,1,308.48,"New / Recent Customers"
17511,3,31,91062.38,"Champions"
17512,29,10,2924.99,"Champions"
17513,73,1,513.20,"Lost / Inactive"
17514,129,1,208.65,"At Risk Customers"
17515,32,4,639.02,"Loyal Customers"
17516,16,5,768.08,"Champions"
17517,309,1,153.94,"Lost / Inactive"
17519,18,6,1844.02,"Champions"
17520,54,1,546.81,"Lost / Inactive"
17521,30,3,723.21,"Loyal Customers"
17522,2,5,1070.71,"Champions"
17523,12,4,652.74,"Loyal Customers"
17524,362,1,145.00,"Lost / Inactive"
17525,360,1,422.70,"Lost / Inactive"
17526,5,4,1195.90,"Loyal Customers"
17527,54,4,939.37,"Loyal Customers"
17528,2,8,3628.50,"Champions"
17530,2,10,2385.00,"Champions"
17531,191,1,296.70,"Lost / Inactive"
17534,54,1,223.36,"Lost / Inactive"
17535,281,1,164.40,"Lost / Inactive"
17536,178,1,76.50,"At Risk Customers"
17537,30,2,897.62,"New / Recent Customers"
17538,26,1,98.42,"New / Recent Customers"
17540,25,2,578.90,"New / Recent Customers"
17542,270,1,170.75,"Lost / Inactive"
17545,44,3,645.96,"Loyal Customers"
17548,234,1,103.30,"Lost / Inactive"
17549,24,2,148.86,"New / Recent Customers"
17550,198,3,267.16,"Lost / Inactive"
17551,360,1,306.84,"Lost / Inactive"
17552,61,4,930.41,"Loyal Customers"
17553,130,1,1487.60,"At Risk Customers"
17554,2,5,1952.45,"Champions"
17555,20,2,483.26,"New / Recent Customers"
17556,206,1,157.90,"Lost / Inactive"
17557,15,3,541.46,"Loyal Customers"
17560,95,4,854.95,"At Risk Customers"
17561,20,1,167.62,"New / Recent Customers"
17562,15,7,1122.38,"Champions"
17564,25,3,454.01,"Loyal Customers"
17566,9,2,901.21,"New / Recent Customers"
17567,8,8,4331.48,"Champions"
17569,333,1,344.14,"Lost / Inactive"
17571,51,4,1498.51,"Loyal Customers"
17572,72,4,226.75,"Loyal Customers"
17573,30,3,380.60,"Loyal Customers"
17574,243,1,185.65,"Lost / Inactive"
17576,9,19,3622.68,"Champions"
17578,219,1,143.46,"Lost / Inactive"
17579,5,3,448.90,"Loyal Customers"
17580,253,3,215.72,"Lost / Inactive"
17581,1,25,11045.04,"Champions"
17582,237,1,175.27,"Lost / Inactive"
17584,8,2,1242.30,"New / Recent Customers"
17585,110,4,1133.07,"At Risk Customers"
17588,101,3,1240.20,"At Risk Customers"
17589,61,4,2404.17,"Loyal Customers"
17590,3,3,1479.22,"Loyal Customers"
17591,74,7,2225.97,"Loyal Customers"
17593,4,5,3927.34,"Champions"
17594,86,2,993.18,"Lost / Inactive"
17595,13,2,388.79,"New / Recent Customers"
17596,24,7,2827.93,"Champions"
17597,214,1,2044.37,"Lost / Inactive"
17600,18,1,161.67,"New / Recent Customers"
17601,240,1,116.01,"Lost / Inactive"
17602,3,6,5102.97,"Champions"
17603,79,1,394.72,"Lost / Inactive"
17604,218,2,309.36,"Lost / Inactive"
17608,34,2,193.42,"Lost / Inactive"
17609,41,5,1112.22,"Loyal Customers"
17611,8,15,3984.22,"Champions"
17612,54,6,2048.45,"Loyal Customers"
17613,23,14,4559.15,"Champions"
17614,58,1,390.07,"Lost / Inactive"
17615,131,3,329.60,"At Risk Customers"
17616,174,3,571.20,"At Risk Customers"
17618,6,3,971.58,"Loyal Customers"
17619,313,1,218.52,"Lost / Inactive"
17620,60,1,81.44,"Lost / Inactive"
17621,22,3,1379.90,"Loyal Customers"
17623,33,1,527.05,"Lost / Inactive"
17624,15,2,843.48,"New / Recent Customers"
17625,19,4,2047.00,"Loyal Customers"
17628,82,1,75.75,"Lost / Inactive"
17629,6,8,1814.12,"Champions"
17630,170,2,503.60,"At Risk Customers"
17631,2,3,528.33,"Loyal Customers"
17633,32,4,1324.84,"Loyal Customers"
17634,37,9,2361.97,"Loyal Customers"
17636,20,1,285.56,"New / Recent Customers"
17637,32,2,547.06,"Lost / Inactive"
17639,277,1,108.50,"Lost / Inactive"
17640,87,1,621.66,"Lost / Inactive"
17642,120,2,712.29,"At Risk Customers"
17643,374,1,101.55,"Lost / Inactive"
17644,2,11,2895.64,"Champions"
17646,220,3,1008.39,"Lost / Inactive"
17647,66,1,133.06,"Lost / Inactive"
17648,61,4,1797.50,"Loyal Customers"
17649,139,1,868.49,"At Risk Customers"
17650,22,1,166.08,"New / Recent Customers"
17651,12,10,3945.00,"Champions"
17652,26,12,4867.72,"Champions"
17653,37,4,1207.56,"Loyal Customers"
17654,278,1,117.55,"Lost / Inactive"
17655,11,7,2638.94,"Champions"
17656,74,5,1674.69,"Loyal Customers"
17658,26,2,595.42,"New / Recent Customers"
17659,18,12,2999.46,"Champions"
17660,142,1,196.00,"At Risk Customers"
17663,26,7,1802.91,"Champions"
17664,19,2,604.64,"New / Recent Customers"
17666,4,2,728.16,"New / Recent Customers"
17667,67,5,2055.51,"Loyal Customers"
17668,2,2,347.75,"New / Recent Customers"
17669,43,7,3406.72,"Loyal Customers"
17670,228,1,205.70,"Lost / Inactive"
17671,16,4,1572.71,"Loyal Customers"
17672,51,2,3178.17,"Lost / Inactive"
17673,2,6,1629.12,"Champions"
17674,75,2,551.04,"Lost / Inactive"
17675,2,31,20374.28,"Champions"
17676,5,6,1387.68,"Champions"
17677,2,30,16363.23,"Champions"
17678,264,1,298.11,"Lost / Inactive"
17679,53,2,1992.11,"Lost / Inactive"
17680,24,1,184.40,"New / Recent Customers"
17682,11,6,2474.33,"Champions"
17684,44,1,239.41,"Lost / Inactive"
17685,17,7,3191.53,"Champions"
17686,8,7,5739.46,"Champions"
17690,31,15,4757.95,"Loyal Customers"
17691,359,2,290.40,"Lost / Inactive"
17692,128,4,740.94,"At Risk Customers"
17693,138,1,200.47,"At Risk Customers"
17694,142,1,283.12,"At Risk Customers"
17695,132,2,765.34,"At Risk Customers"
17696,39,8,2285.71,"Loyal Customers"
17697,237,1,338.95,"Lost / Inactive"
17698,261,1,154.95,"Lost / Inactive"
17700,17,4,2534.64,"Loyal Customers"
17701,253,1,417.95,"Lost / Inactive"
17702,31,4,1824.37,"Loyal Customers"
17703,36,3,798.74,"Loyal Customers"
17704,169,2,885.19,"At Risk Customers"
17705,4,9,1823.52,"Champions"
17706,5,17,10504.49,"Champions"
17707,186,2,152.40,"Lost / Inactive"
17708,188,2,267.08,"Lost / Inactive"
17709,170,1,137.45,"At Risk Customers"
17711,11,2,385.10,"New / Recent Customers"
17712,45,1,522.91,"Lost / Inactive"
17714,321,1,153.00,"Lost / Inactive"
17715,201,1,326.40,"Lost / Inactive"
17716,23,11,5655.99,"Champions"
17718,233,1,139.35,"Lost / Inactive"
17719,38,15,5396.04,"Loyal Customers"
17720,27,4,1195.94,"Loyal Customers"
17722,97,4,2424.04,"At Risk Customers"
17723,128,6,3276.40,"At Risk Customers"
17724,72,3,1033.00,"Loyal Customers"
17725,17,11,3439.08,"Champions"
17727,16,1,1060.25,"New / Recent Customers"
17728,4,3,2876.01,"Loyal Customers"
17730,4,13,5298.48,"Champions"
17731,80,4,1240.11,"Loyal Customers"
17732,373,1,303.97,"Lost / Inactive"
17733,39,2,692.19,"Lost / Inactive"
17734,54,3,700.63,"Loyal Customers"
17735,3,19,13110.02,"Champions"
17736,10,3,377.44,"Loyal Customers"
17737,10,2,168.24,"New / Recent Customers"
17738,20,4,1879.05,"Loyal Customers"
17739,12,7,2791.35,"Champions"
17742,114,2,355.11,"At Risk Customers"
17744,4,6,2322.40,"Champions"
17746,241,1,110.25,"Lost / Inactive"
17747,113,1,71.40,"At Risk Customers"
17749,179,2,674.52,"At Risk Customers"
17750,6,9,1797.57,"Champions"
17752,360,1,80.64,"Lost / Inactive"
17754,1,5,1772.26,"Champions"
17757,2,30,5605.29,"Champions"
17758,20,8,3456.70,"Champions"
17759,18,3,834.99,"Loyal Customers"
17760,22,2,287.59,"New / Recent Customers"
17761,33,1,712.78,"Lost / Inactive"
17763,264,1,15.00,"Lost / Inactive"
17764,51,2,818.82,"Lost / Inactive"
17765,159,3,371.88,"At Risk Customers"
17767,16,1,271.20,"New / Recent Customers"
17768,9,3,2273.18,"Loyal Customers"
17769,13,10,3997.98,"Champions"
17770,199,5,1143.27,"Lost / Inactive"
17771,57,2,245.81,"Lost / Inactive"
17772,11,2,182.77,"New / Recent Customers"
17774,97,4,1225.41,"At Risk Customers"
17775,255,1,56.40,"Lost / Inactive"
17777,25,3,665.86,"Loyal Customers"
17779,22,3,658.57,"Loyal Customers"
17781,160,2,188.02,"At Risk Customers"
17783,73,2,283.47,"Lost / Inactive"
17785,54,1,131.94,"Lost / Inactive"
17786,86,2,278.74,"Lost / Inactive"
17787,153,4,1865.19,"At Risk Customers"
17788,74,2,1117.90,"Lost / Inactive"
17789,282,1,225.90,"Lost / Inactive"
17790,27,14,1965.55,"Champions"
17791,30,1,106.10,"New / Recent Customers"
17793,26,1,323.04,"New / Recent Customers"
17795,180,2,350.39,"At Risk Customers"
17796,41,4,697.90,"Loyal Customers"
17797,23,3,780.43,"Loyal Customers"
17799,23,10,3055.93,"Champions"
17800,38,9,1199.01,"Loyal Customers"
17802,83,3,1285.04,"Loyal Customers"
17805,74,1,512.31,"Lost / Inactive"
17806,12,1,546.04,"New / Recent Customers"
17809,17,12,5411.91,"Champions"
17811,5,39,7837.73,"Champions"
17812,13,4,732.16,"Loyal Customers"
17813,15,5,1770.88,"Champions"
17816,37,4,36.56,"Loyal Customers"
17817,5,3,387.68,"Loyal Customers"
17819,72,7,3704.87,"Loyal Customers"
17824,52,1,298.40,"Lost / Inactive"
17827,6,5,1995.46,"Champions"
17828,23,4,1820.09,"Loyal Customers"
17829,299,1,889.24,"Lost / Inactive"
17830,2,3,398.70,"Loyal Customers"
17831,34,1,35.40,"Lost / Inactive"
17832,50,1,155.37,"Lost / Inactive"
17835,3,3,350.64,"Loyal Customers"
17836,48,1,110.21,"Lost / Inactive"
17837,43,8,1593.38,"Loyal Customers"
17838,27,5,2779.30,"Champions"
17839,43,1,338.80,"Lost / Inactive"
17841,2,124,40991.57,"Champions"
17843,304,1,205.48,"Lost / Inactive"
17844,107,1,51.56,"At Risk Customers"
17846,86,1,2033.10,"Lost / Inactive"
17848,82,9,901.20,"Loyal Customers"
17849,219,4,605.80,"Lost / Inactive"
17850,373,34,5391.21,"Lost / Inactive"
17852,12,2,114.34,"New / Recent Customers"
17854,186,2,311.26,"Lost / Inactive"
17855,373,1,208.97,"Lost / Inactive"
17856,2,4,1418.03,"Loyal Customers"
17857,5,23,26879.04,"Champions"
17858,6,12,5155.66,"Champions"
17859,305,1,148.21,"Lost / Inactive"
17860,369,1,252.80,"Lost / Inactive"
17861,4,8,2100.80,"Champions"
17862,324,1,330.90,"Lost / Inactive"
17863,60,6,3160.00,"Loyal Customers"
17864,13,3,597.50,"Loyal Customers"
17865,31,20,10526.32,"Loyal Customers"
17866,143,1,329.65,"At Risk Customers"
17867,31,6,1197.10,"Loyal Customers"
17869,108,5,428.18,"At Risk Customers"
17870,3,12,1894.35,"Champions"
17871,205,1,155.90,"Lost / Inactive"
17873,81,5,1859.16,"Loyal Customers"
17874,186,6,683.46,"Lost / Inactive"
17877,171,1,237.61,"At Risk Customers"
17878,44,1,379.45,"Lost / Inactive"
17879,174,1,178.52,"At Risk Customers"
17880,365,1,458.92,"Lost / Inactive"
17881,305,1,133.35,"Lost / Inactive"
17883,4,4,671.77,"Loyal Customers"
17884,4,4,717.45,"Loyal Customers"
17885,13,1,190.19,"New / Recent Customers"
17886,32,3,899.61,"Loyal Customers"
17887,130,1,111.35,"At Risk Customers"
17888,22,8,726.05,"Champions"
17889,213,2,203.87,"Lost / Inactive"
17890,323,2,602.09,"Lost / Inactive"
17891,163,1,203.86,"At Risk Customers"
17892,57,3,244.10,"Loyal Customers"
17893,226,1,112.25,"Lost / Inactive"
17894,72,8,1119.81,"Loyal Customers"
17895,45,1,98.00,"Lost / Inactive"
17896,24,1,256.32,"New / Recent Customers"
17897,173,3,566.60,"At Risk Customers"
17898,86,2,152.06,"Lost / Inactive"
17899,160,1,155.80,"At Risk Customers"
17900,191,2,112.20,"Lost / Inactive"
17901,30,1,110.38,"New / Recent Customers"
17904,22,1,191.67,"New / Recent Customers"
17905,72,4,800.24,"Loyal Customers"
17906,248,1,72.90,"Lost / Inactive"
17908,374,1,243.28,"Lost / Inactive"
17911,10,1,366.23,"New / Recent Customers"
17912,311,5,311.01,"Lost / Inactive"
17913,59,2,411.60,"Lost / Inactive"
17914,4,1,336.43,"New / Recent Customers"
17917,46,3,341.28,"Loyal Customers"
17919,89,1,1304.04,"Lost / Inactive"
17920,5,17,4204.10,"Champions"
17921,65,4,826.52,"Loyal Customers"
17923,283,1,207.50,"Lost / Inactive"
17924,12,7,2962.50,"Champions"
17925,373,1,244.08,"Lost / Inactive"
17926,134,2,397.29,"At Risk Customers"
17928,46,2,212.54,"Lost / Inactive"
17929,12,4,843.00,"Loyal Customers"
17930,36,5,1740.48,"Loyal Customers"
17931,135,2,408.36,"At Risk Customers"
17932,30,3,1331.57,"Loyal Customers"
17934,52,2,704.25,"Lost / Inactive"
17935,139,2,145.79,"At Risk Customers"
17936,6,1,389.84,"New / Recent Customers"
17937,9,7,4301.22,"Champions"
17939,160,1,99.14,"At Risk Customers"
17940,50,10,4106.44,"Loyal Customers"
17941,131,1,304.56,"At Risk Customers"
17942,8,1,77.50,"New / Recent Customers"
17946,234,2,149.58,"Lost / Inactive"
17947,38,1,176.68,"Lost / Inactive"
17948,148,1,358.56,"At Risk Customers"
17949,2,45,58510.48,"Champions"
17950,73,3,482.20,"Loyal Customers"
17951,40,3,1008.54,"Loyal Customers"
17954,6,12,2332.72,"Champions"
17955,199,4,557.30,"Lost / Inactive"
17956,250,1,12.75,"Lost / Inactive"
17957,67,1,111.68,"Lost / Inactive"
17958,117,1,508.46,"At Risk Customers"
17960,172,1,73.78,"At Risk Customers"
17961,22,39,1296.44,"Champions"
17962,143,1,102.83,"At Risk Customers"
17964,32,2,471.70,"Lost / Inactive"
17965,38,14,2622.57,"Loyal Customers"
17966,38,5,1098.43,"Loyal Customers"
17967,372,1,123.07,"Lost / Inactive"
17968,374,1,277.35,"Lost / Inactive"
17969,167,2,228.20,"At Risk Customers"
17970,212,1,582.59,"Lost / Inactive"
17972,242,1,136.04,"Lost / Inactive"
17973,52,1,337.04,"Lost / Inactive"
17974,25,3,740.79,"Loyal Customers"
17975,16,13,4488.81,"Champions"
17976,373,1,353.19,"Lost / Inactive"
17977,30,1,288.14,"New / Recent Customers"
17978,366,1,300.92,"Lost / Inactive"
17979,36,4,757.71,"Loyal Customers"
17980,166,3,811.45,"At Risk Customers"
17984,146,1,152.68,"At Risk Customers"
17985,23,1,634.95,"New / Recent Customers"
17986,57,1,20.80,"Lost / Inactive"
17987,186,1,198.57,"Lost / Inactive"
17988,12,7,201.12,"Champions"
17990,237,3,630.84,"Lost / Inactive"
17991,226,2,93.35,"Lost / Inactive"
17994,122,4,678.49,"At Risk Customers"
17995,282,1,76.10,"Lost / Inactive"
17997,75,8,1970.67,"Loyal Customers"
17999,38,2,382.06,"Lost / Inactive"
18001,13,2,417.23,"New / Recent Customers"
18004,363,1,169.47,"Lost / Inactive"
18005,4,2,249.72,"New / Recent Customers"
18006,24,1,444.68,"New / Recent Customers"
18008,71,9,2116.19,"Loyal Customers"
18009,236,1,257.34,"Lost / Inactive"
18010,257,1,174.80,"Lost / Inactive"
18011,374,1,102.79,"Lost / Inactive"
18013,156,2,187.29,"At Risk Customers"
18014,29,1,166.42,"New / Recent Customers"
18015,5,1,120.03,"New / Recent Customers"
18016,33,5,1483.56,"Loyal Customers"
18017,82,3,523.00,"Loyal Customers"
18018,109,2,122.14,"At Risk Customers"
18019,52,1,38.45,"Lost / Inactive"
18022,36,1,668.11,"Lost / Inactive"
18024,153,2,389.78,"At Risk Customers"
18027,99,1,115.31,"At Risk Customers"
18030,5,2,230.65,"New / Recent Customers"
18032,335,1,73.50,"Lost / Inactive"
18033,66,1,97.97,"Lost / Inactive"
18034,22,2,422.88,"New / Recent Customers"
18035,36,3,730.40,"Loyal Customers"
18036,33,3,405.62,"Loyal Customers"
18037,155,6,70.02,"At Risk Customers"
18040,20,2,357.20,"New / Recent Customers"
18041,12,21,4183.39,"Champions"
18042,54,1,165.05,"Lost / Inactive"
18043,25,3,559.51,"Loyal Customers"
18044,5,10,2088.60,"Champions"
18045,46,1,189.40,"Lost / Inactive"
18048,204,2,172.29,"Lost / Inactive"
18050,360,1,74.40,"Lost / Inactive"
18053,71,1,300.02,"Lost / Inactive"
18055,8,10,6784.19,"Champions"
18056,289,1,363.65,"Lost / Inactive"
18058,10,1,170.16,"New / Recent Customers"
18059,24,3,306.46,"Loyal Customers"
18061,22,10,2119.41,"Champions"
18062,174,3,720.52,"At Risk Customers"
18064,134,2,814.00,"At Risk Customers"
18065,6,14,2392.83,"Champions"
18066,76,1,318.00,"Lost / Inactive"
18067,41,1,396.33,"Lost / Inactive"
18068,290,1,101.70,"Lost / Inactive"
18069,27,5,2036.67,"Champions"
18071,258,2,453.00,"Lost / Inactive"
18072,186,1,247.44,"Lost / Inactive"
18073,115,12,3877.52,"At Risk Customers"
18074,374,1,489.60,"Lost / Inactive"
18075,24,10,2611.75,"Champions"
18077,9,11,2633.01,"Champions"
18078,218,2,336.13,"Lost / Inactive"
18079,46,4,3651.97,"Loyal Customers"
18080,19,2,1231.50,"New / Recent Customers"
18081,37,3,343.45,"Loyal Customers"
18082,26,1,703.37,"New / Recent Customers"
18084,17,1,90.48,"New / Recent Customers"
18085,331,2,689.95,"Lost / Inactive"
18086,275,1,101.34,"Lost / Inactive"
18087,99,2,4055.72,"At Risk Customers"
18088,62,1,167.67,"Lost / Inactive"
18092,3,11,9068.26,"Champions"
18093,94,4,2106.52,"At Risk Customers"
18094,82,7,3017.30,"Loyal Customers"
18095,313,2,580.05,"Lost / Inactive"
18096,12,3,911.15,"Loyal Customers"
18097,8,6,2697.80,"Champions"
18099,128,1,168.31,"At Risk Customers"
18101,12,2,223.65,"New / Recent Customers"
18102,1,60,259657.30,"Champions"
18104,38,1,754.64,"Lost / Inactive"
18105,38,1,113.48,"Lost / Inactive"
18106,330,1,430.70,"Lost / Inactive"
18108,255,1,271.00,"Lost / Inactive"
18109,2,26,8052.97,"Champions"
18110,20,1,236.30,"New / Recent Customers"
18112,13,2,352.69,"New / Recent Customers"
18113,369,1,76.32,"Lost / Inactive"
18114,291,1,220.10,"Lost / Inactive"
18116,68,8,1418.03,"Loyal Customers"
18117,26,1,320.72,"New / Recent Customers"
18118,11,26,5653.82,"Champions"
18119,368,1,181.12,"Lost / Inactive"
18120,215,1,111.15,"Lost / Inactive"
18121,150,2,673.10,"At Risk Customers"
18122,9,6,1826.21,"Champions"
18123,25,2,589.44,"New / Recent Customers"
18125,30,4,1142.99,"Loyal Customers"
18126,61,1,206.83,"Lost / Inactive"
18127,20,3,348.73,"Loyal Customers"
18129,244,1,112.55,"Lost / Inactive"
18130,16,3,1059.39,"Loyal Customers"
18133,213,1,931.50,"Lost / Inactive"
18135,30,5,681.91,"Champions"
18136,64,3,784.33,"Loyal Customers"
18138,296,1,152.65,"Lost / Inactive"
18139,18,6,8438.34,"Champions"
18142,158,2,1019.52,"At Risk Customers"
18143,117,2,1000.16,"At Risk Customers"
18144,8,12,2888.75,"Champions"
18145,13,4,2861.55,"Loyal Customers"
18146,141,2,160.35,"At Risk Customers"
18147,46,2,179.34,"Lost / Inactive"
18149,51,3,612.08,"Loyal Customers"
18150,33,3,566.58,"Loyal Customers"
18151,135,2,653.35,"At Risk Customers"
18154,4,2,399.19,"New / Recent Customers"
18155,76,3,371.62,"Loyal Customers"
18156,13,2,734.94,"New / Recent Customers"
18158,10,2,453.40,"New / Recent Customers"
18159,302,1,530.15,"Lost / Inactive"
18160,58,2,638.06,"Lost / Inactive"
18161,16,5,1618.69,"Champions"
18164,38,1,399.65,"Lost / Inactive"
18165,178,1,302.46,"At Risk Customers"
18167,24,3,1384.86,"Loyal Customers"
18168,177,6,1169.94,"At Risk Customers"
18169,61,1,202.65,"Lost / Inactive"
18170,34,3,980.31,"Loyal Customers"
18171,59,5,1231.31,"Loyal Customers"
18172,15,20,7561.68,"Champions"
18173,87,4,2106.84,"Loyal Customers"
18174,8,1,104.00,"New / Recent Customers"
18176,359,1,476.35,"Lost / Inactive"
18177,32,6,1341.42,"Loyal Customers"
18178,129,4,1590.81,"At Risk Customers"
18179,10,6,1793.17,"Champions"
18180,5,6,1843.75,"Champions"
18181,25,1,382.80,"New / Recent Customers"
18183,228,2,632.07,"Lost / Inactive"
18184,16,1,49.80,"New / Recent Customers"
18185,250,1,304.25,"Lost / Inactive"
18188,16,3,2001.04,"Loyal Customers"
18189,78,2,1090.24,"Lost / Inactive"
18190,193,2,284.46,"Lost / Inactive"
18191,262,1,207.80,"Lost / Inactive"
18192,72,1,957.97,"Lost / Inactive"
18193,166,1,243.76,"At Risk Customers"
18194,83,1,973.84,"Lost / Inactive"
18196,96,2,689.13,"At Risk Customers"
18198,5,17,5425.56,"Champions"
18200,107,1,163.80,"At Risk Customers"
18202,200,3,1396.99,"Lost / Inactive"
18203,158,1,160.42,"At Risk Customers"
18204,72,3,1993.70,"Loyal Customers"
18205,37,2,517.36,"Lost / Inactive"
18209,29,1,139.10,"New / Recent Customers"
18210,2,6,2621.38,"Champions"
18211,26,5,600.07,"Champions"
18212,327,1,248.42,"Lost / Inactive"
18213,237,1,232.48,"Lost / Inactive"
18215,90,1,299.34,"Lost / Inactive"
18216,32,1,481.75,"Lost / Inactive"
18217,30,2,621.75,"New / Recent Customers"
18218,212,2,662.08,"Lost / Inactive"
18219,3,10,2069.77,"Champions"
18220,227,1,305.28,"Lost / Inactive"
18221,23,5,1041.61,"Champions"
18222,93,1,443.00,"At Risk Customers"
18223,5,14,6484.54,"Champions"
18224,264,1,158.95,"Lost / Inactive"
18225,4,12,5509.12,"Champions"
18226,45,11,5228.05,"Loyal Customers"
18227,218,1,93.75,"Lost / Inactive"
18228,57,2,779.90,"Lost / Inactive"
18229,12,20,7276.90,"Champions"
18230,10,7,2810.20,"Champions"
18231,193,5,2083.27,"Lost / Inactive"
18232,82,4,592.97,"Loyal Customers"
18233,326,1,440.00,"Lost / Inactive"
18235,72,3,1796.48,"Loyal Customers"
18236,30,6,882.24,"Champions"
18237,3,5,987.10,"Champions"
18239,219,5,1561.61,"Lost / Inactive"
18240,47,1,422.58,"Lost / Inactive"
18241,10,17,2073.09,"Champions"
18242,73,4,2232.49,"Loyal Customers"
18245,8,7,2567.06,"Champions"
18246,24,2,596.10,"New / Recent Customers"
18248,123,2,804.02,"At Risk Customers"
18249,18,1,95.34,"New / Recent Customers"
18250,311,1,349.27,"Lost / Inactive"
18251,88,1,4314.72,"Lost / Inactive"
18252,51,2,526.67,"Lost / Inactive"
18255,90,1,103.30,"Lost / Inactive"
18257,40,8,2337.63,"Loyal Customers"
18259,25,3,2338.60,"Loyal Customers"
18260,173,6,2643.20,"At Risk Customers"
18261,44,2,324.24,"Lost / Inactive"
18262,141,1,149.48,"At Risk Customers"
18263,26,3,1213.16,"Loyal Customers"
18265,73,2,801.51,"Lost / Inactive"
18268,135,1,25.50,"At Risk Customers"
18269,367,1,168.60,"Lost / Inactive"
18270,39,2,283.15,"Lost / Inactive"
18272,3,6,3078.58,"Champions"
18273,3,3,204.00,"Loyal Customers"
18274,31,1,175.92,"Lost / Inactive"
18276,44,1,335.86,"Lost / Inactive"
18277,59,1,110.38,"Lost / Inactive"
18278,74,1,173.90,"Lost / Inactive"
18280,278,1,180.60,"Lost / Inactive"
18281,181,1,80.82,"Lost / Inactive"
18282,8,2,178.05,"New / Recent Customers"
18283,4,16,2094.88,"Champions"
18287,43,3,1837.28,"Loyal Customers"
